path,campaign,rows,n_columns,size_kb,mtime,config_sidecar,has_splits_hash,has_coordinate,status_counts
_archive_20260714_001559/a1/a1_german_0.parquet,a1,35,14,9.3,2026-07-14T17:15:39,False,False,False,"{""OPTIMAL"": 35}"
_archive_20260714_001559/a1/a1_gmsc_0.parquet,a1,50,14,9.6,2026-07-14T17:15:39,False,False,False,"{""OPTIMAL"": 50}"
_archive_20260714_001559/a1/a1_hmeq_0.parquet,a1,50,14,9.7,2026-07-14T17:15:39,False,False,False,"{""OPTIMAL"": 50}"
_archive_20260714_001559/a1/a1_taiwan_0.parquet,a1,115,14,11.8,2026-07-14T17:15:39,False,False,False,"{""OPTIMAL"": 115}"
_archive_20260714_001559/fmtau/fmtau_german_0.parquet,fmtau,63,17,11.4,2026-07-14T17:15:39,False,False,False,"{""INFEASIBLE"": 34, ""OPTIMAL"": 29}"
_archive_20260714_001559/fmtau/fmtau_gmsc_0.parquet,fmtau,90,17,12.5,2026-07-14T17:15:39,False,False,False,"{""INFEASIBLE"": 45, ""OPTIMAL"": 45}"
_archive_20260714_001559/fmtau/fmtau_hmeq_0.parquet,fmtau,90,17,12.2,2026-07-14T17:15:39,False,False,False,"{""INFEASIBLE"": 49, ""OPTIMAL"": 41}"
_archive_20260714_001559/fmtau/fmtau_taiwan_0.parquet,fmtau,207,17,15.5,2026-07-14T17:15:39,False,False,False,"{""INFEASIBLE"": 96, ""OPTIMAL"": 111}"
_archive_20260714_001559/maxbins/maxbins_german_auto_0.parquet,maxbins,56,17,11.7,2026-07-14T17:15:39,False,False,False,
_archive_20260714_001559/maxbins/maxbins_german_free_0.parquet,maxbins,56,17,12.0,2026-07-14T17:15:39,False,False,False,
_archive_20260714_001559/maxbins/maxbins_gmsc_auto_0.parquet,maxbins,80,17,13.2,2026-07-14T17:15:39,False,False,False,
_archive_20260714_001559/maxbins/maxbins_gmsc_free_0.parquet,maxbins,80,17,13.3,2026-07-14T17:15:39,False,False,False,
_archive_20260714_001559/maxbins/maxbins_hmeq_auto_0.parquet,maxbins,80,17,12.9,2026-07-14T17:15:39,False,False,False,
_archive_20260714_001559/maxbins/maxbins_hmeq_free_0.parquet,maxbins,80,17,13.6,2026-07-14T17:15:39,False,False,False,
_archive_20260714_001559/maxbins/maxbins_taiwan_auto_0.parquet,maxbins,184,17,16.9,2026-07-14T17:15:39,False,False,False,
_archive_20260714_001559/maxbins/maxbins_taiwan_free_0.parquet,maxbins,184,17,17.9,2026-07-14T17:15:39,False,False,False,
_archive_20260715_130919/a1/a1_german_0.parquet,a1,280,14,17.0,2026-07-15T20:29:36,False,False,False,"{""OPTIMAL"": 280}"
_archive_20260715_130919/a1/a1_gmsc_0.parquet,a1,400,14,19.4,2026-07-15T20:29:36,False,False,False,"{""OPTIMAL"": 400}"
_archive_20260715_130919/a1/a1_hmeq_0.parquet,a1,400,14,22.0,2026-07-15T20:29:36,False,False,False,"{""OPTIMAL"": 400}"
_archive_20260715_130919/a1/a1_synthetic-spike_0.parquet,a1,80,14,11.2,2026-07-15T20:29:36,False,False,False,"{""OPTIMAL"": 80}"
_archive_20260715_130919/a1/a1_taiwan_0.parquet,a1,920,14,39.3,2026-07-15T20:29:36,False,False,False,"{""OPTIMAL"": 920}"
_archive_20260715_130919/a1_fmtau/fmtau_german_lam0p05_0.parquet,a1_fmtau,630,18,26.3,2026-07-15T20:29:36,False,False,False,"{""INFEASIBLE"": 348, ""OPTIMAL"": 282}"
_archive_20260715_130919/a1_fmtau/fmtau_german_lam0p1_0.parquet,a1_fmtau,630,18,26.6,2026-07-15T20:29:36,False,False,False,"{""INFEASIBLE"": 334, ""OPTIMAL"": 296}"
_archive_20260715_130919/a1_fmtau/fmtau_german_lam0p2_0.parquet,a1_fmtau,630,18,27.5,2026-07-15T20:29:36,False,False,False,"{""INFEASIBLE"": 295, ""OPTIMAL"": 335}"
_archive_20260715_130919/a1_fmtau/fmtau_german_lam0p4_0.parquet,a1_fmtau,630,18,27.9,2026-07-15T20:29:36,False,False,False,"{""INFEASIBLE"": 277, ""OPTIMAL"": 353}"
_archive_20260715_130919/a1_fmtau/fmtau_gmsc_lam0p05_0.parquet,a1_fmtau,900,18,33.5,2026-07-15T20:29:36,False,False,False,"{""INFEASIBLE"": 451, ""OPTIMAL"": 449}"
_archive_20260715_130919/a1_fmtau/fmtau_gmsc_lam0p1_0.parquet,a1_fmtau,900,18,33.9,2026-07-15T20:29:36,False,False,False,"{""INFEASIBLE"": 451, ""OPTIMAL"": 449}"
_archive_20260715_130919/a1_fmtau/fmtau_gmsc_lam0p2_0.parquet,a1_fmtau,900,18,35.3,2026-07-15T20:29:36,False,False,False,"{""INFEASIBLE"": 389, ""OPTIMAL"": 511}"
_archive_20260715_130919/a1_fmtau/fmtau_gmsc_lam0p4_0.parquet,a1_fmtau,900,18,35.8,2026-07-15T20:29:36,False,False,False,"{""INFEASIBLE"": 371, ""OPTIMAL"": 529}"
_archive_20260715_130919/a1_fmtau/fmtau_hmeq_lam0p05_0.parquet,a1_fmtau,900,18,33.3,2026-07-15T20:29:36,False,False,False,"{""INFEASIBLE"": 498, ""OPTIMAL"": 402}"
_archive_20260715_130919/a1_fmtau/fmtau_hmeq_lam0p1_0.parquet,a1_fmtau,900,18,33.3,2026-07-15T20:29:36,False,False,False,"{""INFEASIBLE"": 496, ""OPTIMAL"": 404}"
_archive_20260715_130919/a1_fmtau/fmtau_hmeq_lam0p2_0.parquet,a1_fmtau,900,18,35.1,2026-07-15T20:29:36,False,False,False,"{""INFEASIBLE"": 428, ""OPTIMAL"": 472}"
_archive_20260715_130919/a1_fmtau/fmtau_hmeq_lam0p4_0.parquet,a1_fmtau,900,18,36.0,2026-07-15T20:29:36,False,False,False,"{""INFEASIBLE"": 385, ""OPTIMAL"": 515}"
_archive_20260715_130919/a1_fmtau/fmtau_taiwan_lam0p05_0.parquet,a1_fmtau,2070,18,65.0,2026-07-15T20:29:36,False,False,False,"{""INFEASIBLE"": 1046, ""OPTIMAL"": 1024}"
_archive_20260715_130919/a1_fmtau/fmtau_taiwan_lam0p1_0.parquet,a1_fmtau,2070,18,66.6,2026-07-15T20:29:36,False,False,False,"{""INFEASIBLE"": 994, ""OPTIMAL"": 1076}"
_archive_20260715_130919/a1_fmtau/fmtau_taiwan_lam0p2_0.parquet,a1_fmtau,2070,18,69.8,2026-07-15T20:29:36,False,False,False,"{""INFEASIBLE"": 858, ""OPTIMAL"": 1212}"
_archive_20260715_130919/a1_fmtau/fmtau_taiwan_lam0p4_0.parquet,a1_fmtau,2070,18,70.8,2026-07-15T20:29:36,False,False,False,"{""INFEASIBLE"": 681, ""OPTIMAL"": 1389}"
_archive_20260715_130919/a1_maxbins/maxbins_german_auto_0.parquet,a1_maxbins,560,17,27.6,2026-07-15T20:29:36,False,False,False,
_archive_20260715_130919/a1_maxbins/maxbins_german_free_0.parquet,a1_maxbins,560,17,29.9,2026-07-15T20:29:36,False,False,False,
_archive_20260715_130919/a1_maxbins/maxbins_gmsc_auto_0.parquet,a1_maxbins,800,17,39.7,2026-07-15T20:29:36,False,False,False,
_archive_20260715_130919/a1_maxbins/maxbins_gmsc_free_0.parquet,a1_maxbins,800,17,40.9,2026-07-15T20:29:36,False,False,False,
_archive_20260715_130919/a1_maxbins/maxbins_hmeq_auto_0.parquet,a1_maxbins,800,17,39.5,2026-07-15T20:29:36,False,False,False,
_archive_20260715_130919/a1_maxbins/maxbins_hmeq_free_0.parquet,a1_maxbins,800,17,46.0,2026-07-15T20:29:36,False,False,False,
_archive_20260715_130919/a1_maxbins/maxbins_taiwan_auto_0.parquet,a1_maxbins,1840,17,78.4,2026-07-15T20:29:36,False,False,False,
_archive_20260715_130919/a1_maxbins/maxbins_taiwan_free_0.parquet,a1_maxbins,1840,17,88.9,2026-07-15T20:29:36,False,False,False,
_smoke/audit_german_0.parquet,_smoke,9,26,16.2,2026-07-30T15:38:36,False,False,False,
_smoke/c3_german_0.parquet,_smoke,1,13,7.5,2026-07-30T15:38:36,False,False,False,
a1/a1_german_0.parquet,a1,280,14,17.0,2026-07-15T20:29:36,False,False,False,"{""OPTIMAL"": 280}"
a1/a1_gmsc_0.parquet,a1,400,14,19.4,2026-07-16T15:50:51,False,False,False,"{""OPTIMAL"": 400}"
a1/a1_hmeq_0.parquet,a1,400,14,22.0,2026-07-16T15:50:51,False,False,False,"{""OPTIMAL"": 400}"
a1/a1_synthetic-spike2_0.parquet,a1,80,14,11.6,2026-07-16T15:50:51,False,False,False,"{""OPTIMAL"": 80}"
a1/a1_synthetic-spike_0.parquet,a1,80,14,11.2,2026-07-16T15:50:51,False,False,False,"{""OPTIMAL"": 80}"
a1/a1_taiwan_0.parquet,a1,920,14,39.3,2026-07-15T21:34:57,False,False,False,"{""OPTIMAL"": 920}"
a1_coord/a1_german_0.parquet,a1_coord,400,20,25.1,2026-08-02T18:14:37,True,True,True,"{""OK"": 50, ""OPTIMAL"": 350}"
a1_coord/a1_german_rank_0.parquet,a1_coord,400,20,23.5,2026-08-02T18:14:37,True,True,True,"{""OK"": 50, ""OPTIMAL"": 350}"
a1_coord/a1_german_rank_balanced_0.parquet,a1_coord,400,20,24.0,2026-08-02T18:14:37,True,True,True,"{""OK"": 50, ""OPTIMAL"": 350}"
a1_coord/a1_german_raw_0.parquet,a1_coord,400,20,22.0,2026-08-02T18:14:37,True,True,True,"{""OK"": 50, ""OPTIMAL"": 350}"
a1_coord/a1_gmsc_0.parquet,a1_coord,550,20,29.4,2026-08-02T18:14:37,True,True,True,"{""OK"": 50, ""OPTIMAL"": 500}"
a1_coord/a1_gmsc_rank_0.parquet,a1_coord,550,20,28.0,2026-08-02T18:14:37,True,True,True,"{""OK"": 50, ""OPTIMAL"": 500}"
a1_coord/a1_gmsc_rank_balanced_0.parquet,a1_coord,550,20,28.1,2026-08-02T18:14:37,True,True,True,"{""OK"": 50, ""OPTIMAL"": 500}"
a1_coord/a1_gmsc_raw_0.parquet,a1_coord,550,20,25.7,2026-08-02T18:14:37,True,True,True,"{""OK"": 50, ""OPTIMAL"": 500}"
a1_coord/a1_hmeq_0.parquet,a1_coord,550,20,31.7,2026-08-02T18:14:37,True,True,True,"{""OK"": 50, ""OPTIMAL"": 500}"
a1_coord/a1_hmeq_rank_0.parquet,a1_coord,550,20,29.6,2026-08-02T18:14:37,True,True,True,"{""OK"": 50, ""OPTIMAL"": 500}"
a1_coord/a1_hmeq_rank_balanced_0.parquet,a1_coord,550,20,29.7,2026-08-02T18:14:37,True,True,True,"{""OK"": 50, ""OPTIMAL"": 500}"
a1_coord/a1_hmeq_raw_0.parquet,a1_coord,550,20,28.5,2026-08-02T18:14:37,True,True,True,"{""OK"": 50, ""OPTIMAL"": 500}"
a1_coord/a1_taiwan_0.parquet,a1_coord,1200,20,58.5,2026-08-02T18:14:37,True,True,True,"{""OK"": 50, ""OPTIMAL"": 1150}"
a1_coord/a1_taiwan_rank_0.parquet,a1_coord,1200,20,54.8,2026-08-02T18:14:37,True,True,True,"{""OK"": 50, ""OPTIMAL"": 1150}"
a1_coord/a1_taiwan_rank_balanced_0.parquet,a1_coord,1200,20,55.0,2026-08-02T18:14:37,True,True,True,"{""OK"": 50, ""OPTIMAL"": 1150}"
a1_coord/a1_taiwan_raw_0.parquet,a1_coord,1200,20,50.1,2026-08-02T18:14:37,True,True,True,"{""OK"": 50, ""OPTIMAL"": 1150}"
a1_fmtau/fmtau_german_lam0p05_0.parquet,a1_fmtau,630,18,26.3,2026-07-16T15:50:51,False,False,False,"{""INFEASIBLE"": 348, ""OPTIMAL"": 282}"
a1_fmtau/fmtau_german_lam0p1_0.parquet,a1_fmtau,630,18,26.7,2026-07-16T15:50:51,False,False,False,"{""INFEASIBLE"": 334, ""OPTIMAL"": 296}"
a1_fmtau/fmtau_german_lam0p2_0.parquet,a1_fmtau,630,18,27.5,2026-07-16T15:50:51,False,False,False,"{""INFEASIBLE"": 295, ""OPTIMAL"": 335}"
a1_fmtau/fmtau_german_lam0p4_0.parquet,a1_fmtau,630,18,27.9,2026-07-16T15:50:51,False,False,False,"{""INFEASIBLE"": 277, ""OPTIMAL"": 353}"
a1_fmtau/fmtau_gmsc_lam0p05_0.parquet,a1_fmtau,900,18,33.6,2026-07-16T15:50:51,False,False,False,"{""INFEASIBLE"": 451, ""OPTIMAL"": 449}"
a1_fmtau/fmtau_gmsc_lam0p1_0.parquet,a1_fmtau,900,18,33.9,2026-07-16T15:50:51,False,False,False,"{""INFEASIBLE"": 451, ""OPTIMAL"": 449}"
a1_fmtau/fmtau_gmsc_lam0p2_0.parquet,a1_fmtau,900,18,35.3,2026-07-16T15:50:51,False,False,False,"{""INFEASIBLE"": 389, ""OPTIMAL"": 511}"
a1_fmtau/fmtau_gmsc_lam0p4_0.parquet,a1_fmtau,900,18,35.8,2026-07-16T15:50:51,False,False,False,"{""INFEASIBLE"": 371, ""OPTIMAL"": 529}"
a1_fmtau/fmtau_hmeq_lam0p05_0.parquet,a1_fmtau,900,18,33.3,2026-07-16T15:50:51,False,False,False,"{""INFEASIBLE"": 498, ""OPTIMAL"": 402}"
a1_fmtau/fmtau_hmeq_lam0p1_0.parquet,a1_fmtau,900,18,33.3,2026-07-16T15:50:51,False,False,False,"{""INFEASIBLE"": 496, ""OPTIMAL"": 404}"
a1_fmtau/fmtau_hmeq_lam0p2_0.parquet,a1_fmtau,900,18,35.2,2026-07-16T15:50:51,False,False,False,"{""INFEASIBLE"": 428, ""OPTIMAL"": 472}"
a1_fmtau/fmtau_hmeq_lam0p4_0.parquet,a1_fmtau,900,18,36.0,2026-07-16T15:50:51,False,False,False,"{""INFEASIBLE"": 385, ""OPTIMAL"": 515}"
a1_fmtau/fmtau_taiwan_lam0p05_0.parquet,a1_fmtau,2070,18,65.1,2026-07-16T15:50:51,False,False,False,"{""INFEASIBLE"": 1046, ""OPTIMAL"": 1024}"
a1_fmtau/fmtau_taiwan_lam0p1_0.parquet,a1_fmtau,2070,18,66.7,2026-07-16T15:50:51,False,False,False,"{""INFEASIBLE"": 994, ""OPTIMAL"": 1076}"
a1_fmtau/fmtau_taiwan_lam0p2_0.parquet,a1_fmtau,2070,18,69.8,2026-07-16T15:50:51,False,False,False,"{""INFEASIBLE"": 858, ""OPTIMAL"": 1212}"
a1_fmtau/fmtau_taiwan_lam0p4_0.parquet,a1_fmtau,2070,18,70.8,2026-07-16T15:50:51,False,False,False,"{""INFEASIBLE"": 681, ""OPTIMAL"": 1389}"
a1_gamma/gamma_synthetic-spike2_0.parquet,a1_gamma,120,19,15.4,2026-07-16T15:50:51,False,False,False,"{""OPTIMAL"": 120}"
a1_gamma/gamma_synthetic-spike_0.parquet,a1_gamma,120,19,14.9,2026-07-16T15:50:51,False,False,False,"{""OPTIMAL"": 120}"
a1_gamma_v2/gamma_synthetic-spike2_raw_0.parquet,a1_gamma_v2,12,19,11.6,2026-08-02T18:14:37,True,False,False,"{""OPTIMAL"": 12}"
a1_gamma_v2/gamma_synthetic-spike_raw_0.parquet,a1_gamma_v2,12,19,11.6,2026-08-02T18:14:37,True,False,False,"{""OPTIMAL"": 12}"
a1_maxbins/maxbins_german_auto_0.parquet,a1_maxbins,560,17,27.7,2026-07-16T15:50:51,False,False,False,
a1_maxbins/maxbins_german_free_0.parquet,a1_maxbins,560,17,30.0,2026-07-16T15:50:51,False,False,False,
a1_maxbins/maxbins_gmsc_auto_0.parquet,a1_maxbins,800,17,39.6,2026-07-16T15:50:51,False,False,False,
a1_maxbins/maxbins_gmsc_free_0.parquet,a1_maxbins,800,17,40.9,2026-07-16T15:50:51,False,False,False,
a1_maxbins/maxbins_hmeq_auto_0.parquet,a1_maxbins,800,17,39.5,2026-07-16T15:50:51,False,False,False,
a1_maxbins/maxbins_hmeq_free_0.parquet,a1_maxbins,800,17,46.0,2026-07-16T15:50:51,False,False,False,
a1_maxbins/maxbins_taiwan_auto_0.parquet,a1_maxbins,1840,17,78.5,2026-07-16T15:50:51,False,False,False,
a1_maxbins/maxbins_taiwan_free_0.parquet,a1_maxbins,1840,17,88.9,2026-07-16T15:50:51,False,False,False,
a1_spikesel/spikesel_synthetic-spike3_0.parquet,a1_spikesel,50,10,6.8,2026-07-16T15:50:51,False,False,False,
a1_v2/a1_german_0.parquet,a1_v2,350,14,18.2,2026-07-30T15:38:36,True,False,False,"{""OPTIMAL"": 350}"
a1_v2/a1_gmsc_0.parquet,a1_v2,500,14,21.0,2026-07-30T15:38:36,True,False,False,"{""OPTIMAL"": 500}"
a1_v2/a1_hmeq_0.parquet,a1_v2,500,14,23.8,2026-07-30T15:38:36,True,False,False,"{""OPTIMAL"": 500}"
a1_v2/a1_synthetic-spike2_0.parquet,a1_v2,100,14,12.1,2026-07-30T15:38:36,True,False,False,"{""OPTIMAL"": 100}"
a1_v2/a1_synthetic-spike_0.parquet,a1_v2,100,14,11.7,2026-07-30T15:38:36,True,False,False,"{""OPTIMAL"": 100}"
a1_v2/a1_taiwan_0.parquet,a1_v2,1150,14,44.2,2026-07-30T15:38:36,True,False,False,"{""OPTIMAL"": 1150}"
audit/audit_german_0.parquet,audit,9,26,16.2,2026-07-30T15:38:36,False,False,False,
audit/audit_german_1.parquet,audit,9,26,16.2,2026-07-30T15:38:36,False,False,False,
audit/audit_german_2.parquet,audit,9,26,16.2,2026-07-30T15:38:36,False,False,False,
audit/audit_german_3.parquet,audit,9,26,16.2,2026-07-30T15:38:36,False,False,False,
audit/audit_german_4.parquet,audit,9,26,16.2,2026-07-30T15:38:36,False,False,False,
audit/audit_gmsc_0.parquet,audit,12,26,16.4,2026-07-30T15:38:36,False,False,False,
audit/audit_gmsc_1.parquet,audit,12,26,16.3,2026-07-30T15:38:36,False,False,False,
audit/audit_gmsc_2.parquet,audit,12,26,16.4,2026-07-30T15:38:36,False,False,False,
audit/audit_gmsc_3.parquet,audit,12,26,16.4,2026-07-30T15:38:36,False,False,False,
audit/audit_gmsc_4.parquet,audit,12,26,16.4,2026-07-30T15:38:36,False,False,False,
audit/audit_heloc_0.parquet,audit,59,26,18.1,2026-07-30T15:38:36,False,False,False,
audit/audit_heloc_1.parquet,audit,59,26,18.1,2026-07-30T15:38:36,False,False,False,
audit/audit_heloc_2.parquet,audit,59,26,18.2,2026-07-30T15:38:36,False,False,False,
audit/audit_heloc_3.parquet,audit,59,26,18.1,2026-07-30T15:38:36,False,False,False,
audit/audit_heloc_4.parquet,audit,59,26,18.1,2026-07-30T15:38:36,False,False,False,
audit/audit_hmeq_0.parquet,audit,12,26,16.5,2026-07-30T15:38:36,False,False,False,
audit/audit_hmeq_1.parquet,audit,12,26,16.5,2026-07-30T15:38:36,False,False,False,
audit/audit_hmeq_2.parquet,audit,12,26,16.5,2026-07-30T15:38:36,False,False,False,
audit/audit_hmeq_3.parquet,audit,12,26,16.5,2026-07-30T15:38:36,False,False,False,
audit/audit_hmeq_4.parquet,audit,12,26,16.5,2026-07-30T15:38:36,False,False,False,
audit/audit_taiwan_0.parquet,audit,25,26,17.3,2026-07-30T15:38:36,False,False,False,
audit/audit_taiwan_1.parquet,audit,25,26,17.4,2026-07-30T15:38:36,False,False,False,
audit/audit_taiwan_2.parquet,audit,25,26,17.4,2026-07-30T15:38:36,False,False,False,
audit/audit_taiwan_3.parquet,audit,25,26,17.4,2026-07-30T15:38:36,False,False,False,
audit/audit_taiwan_4.parquet,audit,25,26,17.4,2026-07-30T15:38:36,False,False,False,
audit_v2/audit_german_0.parquet,audit_v2,12,42,26.4,2026-07-31T19:08:58,True,False,False,
audit_v2/audit_german_1.parquet,audit_v2,12,42,26.5,2026-07-31T19:08:58,True,False,False,
audit_v2/audit_german_2.parquet,audit_v2,12,42,26.5,2026-07-31T19:08:58,True,False,False,
audit_v2/audit_german_3.parquet,audit_v2,12,42,26.4,2026-07-31T19:08:58,True,False,False,
audit_v2/audit_german_4.parquet,audit_v2,12,42,26.5,2026-07-31T19:08:58,True,False,False,
audit_v2/audit_gmsc_0.parquet,audit_v2,15,42,26.8,2026-07-31T19:08:58,True,False,False,
audit_v2/audit_gmsc_1.parquet,audit_v2,15,42,26.8,2026-07-31T19:08:58,True,False,False,
audit_v2/audit_gmsc_2.parquet,audit_v2,15,42,26.8,2026-07-31T19:08:58,True,False,False,
audit_v2/audit_gmsc_3.parquet,audit_v2,15,42,26.8,2026-07-31T19:08:58,True,False,False,
audit_v2/audit_gmsc_4.parquet,audit_v2,15,42,26.8,2026-07-31T19:08:58,True,False,False,
audit_v2/audit_heloc_0.parquet,audit_v2,62,42,29.7,2026-07-31T19:08:58,True,False,False,
audit_v2/audit_heloc_1.parquet,audit_v2,62,42,29.6,2026-07-31T19:08:58,True,False,False,
audit_v2/audit_heloc_2.parquet,audit_v2,62,42,29.8,2026-07-31T19:08:58,True,False,False,
audit_v2/audit_heloc_3.parquet,audit_v2,62,42,29.6,2026-07-31T19:08:58,True,False,False,
audit_v2/audit_heloc_4.parquet,audit_v2,62,42,29.8,2026-07-31T19:08:58,True,False,False,
audit_v2/audit_hmeq_0.parquet,audit_v2,15,42,26.9,2026-07-31T19:08:58,True,False,False,
audit_v2/audit_hmeq_1.parquet,audit_v2,15,42,26.8,2026-07-31T19:08:58,True,False,False,
audit_v2/audit_hmeq_2.parquet,audit_v2,15,42,26.9,2026-07-31T19:08:58,True,False,False,
audit_v2/audit_hmeq_3.parquet,audit_v2,15,42,26.9,2026-07-31T19:08:58,True,False,False,
audit_v2/audit_hmeq_4.parquet,audit_v2,15,42,26.8,2026-07-31T19:08:58,True,False,False,
audit_v2/audit_ot_ple_german_0.parquet,audit_v2,12,42,26.3,2026-07-31T20:55:03,True,False,False,
audit_v2/audit_ot_ple_german_1.parquet,audit_v2,12,42,26.5,2026-07-31T20:55:03,True,False,False,
audit_v2/audit_ot_ple_german_2.parquet,audit_v2,12,42,26.4,2026-07-31T20:55:03,True,False,False,
audit_v2/audit_ot_ple_german_3.parquet,audit_v2,12,42,26.3,2026-07-31T20:55:03,True,False,False,
audit_v2/audit_ot_ple_german_4.parquet,audit_v2,12,42,26.4,2026-07-31T20:55:03,True,False,False,
audit_v2/audit_ot_ple_gmsc_0.parquet,audit_v2,15,42,26.6,2026-07-31T20:55:03,True,False,False,
audit_v2/audit_ot_ple_gmsc_1.parquet,audit_v2,15,42,26.6,2026-07-31T20:55:03,True,False,False,
audit_v2/audit_ot_ple_gmsc_2.parquet,audit_v2,15,42,26.7,2026-07-31T20:55:03,True,False,False,
audit_v2/audit_ot_ple_gmsc_3.parquet,audit_v2,15,42,26.6,2026-07-31T20:55:03,True,False,False,
audit_v2/audit_ot_ple_gmsc_4.parquet,audit_v2,15,42,26.7,2026-07-31T20:55:03,True,False,False,
audit_v2/audit_ot_ple_heloc_0.parquet,audit_v2,62,42,29.6,2026-07-31T20:55:03,True,False,False,
audit_v2/audit_ot_ple_heloc_1.parquet,audit_v2,62,42,29.5,2026-07-31T20:55:03,True,False,False,
audit_v2/audit_ot_ple_heloc_2.parquet,audit_v2,62,42,29.7,2026-07-31T20:55:03,True,False,False,
audit_v2/audit_ot_ple_heloc_3.parquet,audit_v2,62,42,29.5,2026-07-31T20:55:03,True,False,False,
audit_v2/audit_ot_ple_heloc_4.parquet,audit_v2,62,42,29.7,2026-07-31T20:55:03,True,False,False,
audit_v2/audit_ot_ple_hmeq_0.parquet,audit_v2,15,42,26.8,2026-07-31T20:55:03,True,False,False,
audit_v2/audit_ot_ple_hmeq_1.parquet,audit_v2,15,42,26.8,2026-07-31T20:55:03,True,False,False,
audit_v2/audit_ot_ple_hmeq_2.parquet,audit_v2,15,42,26.8,2026-07-31T20:55:03,True,False,False,
audit_v2/audit_ot_ple_hmeq_3.parquet,audit_v2,15,42,26.8,2026-07-31T20:55:03,True,False,False,
audit_v2/audit_ot_ple_hmeq_4.parquet,audit_v2,15,42,26.8,2026-07-31T20:55:03,True,False,False,
audit_v2/audit_ot_ple_taiwan_0.parquet,audit_v2,28,42,28.2,2026-07-31T20:55:03,True,False,False,
audit_v2/audit_ot_ple_taiwan_1.parquet,audit_v2,28,42,28.3,2026-07-31T20:55:03,True,False,False,
audit_v2/audit_ot_ple_taiwan_2.parquet,audit_v2,28,42,28.3,2026-07-31T20:55:03,True,False,False,
audit_v2/audit_ot_ple_taiwan_3.parquet,audit_v2,28,42,28.2,2026-07-31T20:55:03,True,False,False,
audit_v2/audit_ot_ple_taiwan_4.parquet,audit_v2,28,42,28.3,2026-07-31T20:55:03,True,False,False,
audit_v2/audit_taiwan_0.parquet,audit_v2,28,42,28.3,2026-07-31T19:08:58,True,False,False,
audit_v2/audit_taiwan_1.parquet,audit_v2,28,42,28.3,2026-07-31T19:08:58,True,False,False,
audit_v2/audit_taiwan_2.parquet,audit_v2,28,42,28.3,2026-07-31T19:08:58,True,False,False,
audit_v2/audit_taiwan_3.parquet,audit_v2,28,42,28.3,2026-07-31T19:08:58,True,False,False,
audit_v2/audit_taiwan_4.parquet,audit_v2,28,42,28.3,2026-07-31T19:08:58,True,False,False,
c1/c1_0.parquet,c1,2,6,3.8,2026-07-14T21:14:29,False,False,False,
c1_scale/c1_0.parquet,c1_scale,3,8,4.9,2026-07-19T22:06:22,False,False,False,
c1_scale/c1_1.parquet,c1_scale,3,8,4.9,2026-07-19T22:06:22,False,False,False,
c1_scale/c1_10000_0.parquet,c1_scale,3,8,4.9,2026-07-20T03:00:46,False,False,False,
c1_scale/c1_10000_1.parquet,c1_scale,3,8,4.9,2026-07-20T03:00:46,False,False,False,
c1_scale/c1_10000_2.parquet,c1_scale,3,8,4.9,2026-07-20T03:00:46,False,False,False,
c1_scale/c1_10000_3.parquet,c1_scale,3,8,4.9,2026-07-20T03:00:46,False,False,False,
c1_scale/c1_10000_4.parquet,c1_scale,3,8,4.9,2026-07-20T03:00:46,False,False,False,
c1_scale/c1_10000_5.parquet,c1_scale,3,8,4.9,2026-07-20T03:00:46,False,False,False,
c1_scale/c1_10000_6.parquet,c1_scale,3,8,4.9,2026-07-20T03:00:46,False,False,False,
c1_scale/c1_10000_7.parquet,c1_scale,3,8,4.9,2026-07-20T03:00:46,False,False,False,
c1_scale/c1_2.parquet,c1_scale,3,8,4.9,2026-07-19T22:06:22,False,False,False,
c1_scale/c1_2500_0.parquet,c1_scale,3,8,4.9,2026-07-20T03:00:46,False,False,False,
c1_scale/c1_2500_1.parquet,c1_scale,3,8,4.9,2026-07-20T03:00:46,False,False,False,
c1_scale/c1_2500_2.parquet,c1_scale,3,8,4.9,2026-07-20T03:00:46,False,False,False,
c1_scale/c1_2500_3.parquet,c1_scale,3,8,4.9,2026-07-20T03:00:46,False,False,False,
c1_scale/c1_2500_4.parquet,c1_scale,3,8,4.9,2026-07-20T03:00:46,False,False,False,
c1_scale/c1_2500_5.parquet,c1_scale,3,8,4.9,2026-07-20T03:00:46,False,False,False,
c1_scale/c1_2500_6.parquet,c1_scale,3,8,4.9,2026-07-20T03:00:46,False,False,False,
c1_scale/c1_2500_7.parquet,c1_scale,3,8,4.9,2026-07-20T03:00:46,False,False,False,
c1_scale/c1_3.parquet,c1_scale,3,8,4.9,2026-07-19T22:06:22,False,False,False,
c1_scale/c1_4.parquet,c1_scale,3,8,4.9,2026-07-19T22:06:22,False,False,False,
c1_scale/c1_5.parquet,c1_scale,3,8,4.9,2026-07-19T22:06:22,False,False,False,
c1_scale/c1_6.parquet,c1_scale,3,8,4.9,2026-07-19T22:06:22,False,False,False,
c1_scale/c1_7.parquet,c1_scale,3,8,4.9,2026-07-19T22:06:22,False,False,False,
c2/c2_0.parquet,c2,3,6,3.9,2026-07-19T22:11:35,False,False,False,
c2/c2_1.parquet,c2,3,6,3.9,2026-07-19T22:11:35,False,False,False,
c2/c2_2.parquet,c2,3,6,3.9,2026-07-19T22:11:35,False,False,False,
c2/c2_3.parquet,c2,3,6,3.9,2026-07-19T22:11:35,False,False,False,
c2/c2_4.parquet,c2,3,6,3.9,2026-07-19T22:11:35,False,False,False,
c2/c2_5.parquet,c2,3,6,3.9,2026-07-19T22:11:35,False,False,False,
c2/c2_6.parquet,c2,3,6,3.9,2026-07-19T22:11:35,False,False,False,
c2/c2_7.parquet,c2,3,6,3.9,2026-07-19T22:11:35,False,False,False,
c3/c3_german_0.parquet,c3,9,9,5.7,2026-07-15T02:54:36,False,False,False,
c3/c3_german_1.parquet,c3,9,9,5.7,2026-07-15T02:54:36,False,False,False,
c3/c3_german_2.parquet,c3,9,9,5.7,2026-07-15T02:54:36,False,False,False,
c3/c3_german_3.parquet,c3,9,9,5.7,2026-07-15T02:54:36,False,False,False,
c3/c3_german_4.parquet,c3,9,9,5.7,2026-07-15T02:54:36,False,False,False,
c3/c3_gmsc_0.parquet,c3,9,9,5.7,2026-07-15T02:54:36,False,False,False,
c3/c3_gmsc_1.parquet,c3,9,9,5.7,2026-07-15T02:54:36,False,False,False,
c3/c3_gmsc_2.parquet,c3,9,9,5.7,2026-07-15T02:54:36,False,False,False,
c3/c3_gmsc_3.parquet,c3,9,9,5.7,2026-07-15T02:54:36,False,False,False,
c3/c3_gmsc_4.parquet,c3,9,9,5.7,2026-07-15T02:54:36,False,False,False,
c3/c3_synthetic-smooth_0.parquet,c3,9,9,5.7,2026-07-14T21:26:28,False,False,False,
c3/c3_taiwan_0.parquet,c3,9,9,5.7,2026-07-15T02:54:36,False,False,False,
c3/c3_taiwan_1.parquet,c3,9,9,5.7,2026-07-15T02:54:36,False,False,False,
c3/c3_taiwan_2.parquet,c3,9,9,5.7,2026-07-15T02:54:36,False,False,False,
c3/c3_taiwan_3.parquet,c3,9,9,5.7,2026-07-15T02:54:36,False,False,False,
c3/c3_taiwan_4.parquet,c3,9,9,5.7,2026-07-15T02:54:36,False,False,False,
c3_baf/c3_baf_0.parquet,c3_baf,13,9,5.7,2026-07-16T15:50:51,False,False,False,
c3_baf/c3_baf_1.parquet,c3_baf,13,9,5.7,2026-07-16T15:50:51,False,False,False,
c3_baf/c3_baf_2.parquet,c3_baf,13,9,5.7,2026-07-16T15:50:51,False,False,False,
c3_baf/c3_baf_3.parquet,c3_baf,13,9,5.7,2026-07-16T15:50:51,False,False,False,
c3_baf/c3_baf_4.parquet,c3_baf,13,9,5.7,2026-07-16T15:50:51,False,False,False,
c3_baf_ft/c3_baf_0.parquet,c3_baf_ft,4,9,5.5,2026-07-16T18:08:04,False,False,False,
c3_baf_ft/c3_baf_1.parquet,c3_baf_ft,4,9,5.5,2026-07-16T18:08:04,False,False,False,
c3_baf_ft/c3_baf_2.parquet,c3_baf_ft,4,9,5.5,2026-07-16T18:08:04,False,False,False,
c3_baf_ft/c3_baf_3.parquet,c3_baf_ft,4,9,5.5,2026-07-16T18:08:04,False,False,False,
c3_baf_ft/c3_baf_4.parquet,c3_baf_ft,4,9,5.5,2026-07-16T18:08:04,False,False,False,
c3_baf_tok/c3_baf_0.parquet,c3_baf_tok,9,10,6.2,2026-07-18T17:54:23,False,False,False,
c3_baf_tok/c3_baf_1.parquet,c3_baf_tok,9,10,6.2,2026-07-18T17:54:23,False,False,False,
c3_baf_tok/c3_baf_2.parquet,c3_baf_tok,9,10,6.2,2026-07-18T17:54:23,False,False,False,
c3_baf_tok/c3_baf_3.parquet,c3_baf_tok,9,10,6.2,2026-07-18T17:54:23,False,False,False,
c3_baf_tok/c3_baf_4.parquet,c3_baf_tok,9,10,6.2,2026-07-18T17:54:23,False,False,False,
c3_expansion/c3_adult_0.parquet,c3_expansion,13,9,5.8,2026-07-16T15:50:51,False,False,False,
c3_expansion/c3_adult_1.parquet,c3_expansion,13,9,5.8,2026-07-16T15:50:51,False,False,False,
c3_expansion/c3_adult_2.parquet,c3_expansion,13,9,5.8,2026-07-16T15:50:51,False,False,False,
c3_expansion/c3_adult_3.parquet,c3_expansion,13,9,5.8,2026-07-16T15:50:51,False,False,False,
c3_expansion/c3_adult_4.parquet,c3_expansion,13,9,5.8,2026-07-16T15:50:51,False,False,False,
c3_expansion/c3_diabetes_0.parquet,c3_expansion,13,9,5.8,2026-07-16T15:50:51,False,False,False,
c3_expansion/c3_diabetes_1.parquet,c3_expansion,13,9,5.8,2026-07-16T15:50:51,False,False,False,
c3_expansion/c3_diabetes_2.parquet,c3_expansion,13,9,5.8,2026-07-16T15:50:51,False,False,False,
c3_expansion/c3_diabetes_3.parquet,c3_expansion,13,9,5.8,2026-07-16T15:50:51,False,False,False,
c3_expansion/c3_diabetes_4.parquet,c3_expansion,13,9,5.8,2026-07-16T15:50:51,False,False,False,
c3_expansion/c3_higgs-small_0.parquet,c3_expansion,13,9,5.8,2026-07-16T15:50:51,False,False,False,
c3_expansion/c3_higgs-small_1.parquet,c3_expansion,13,9,5.8,2026-07-16T15:50:51,False,False,False,
c3_expansion/c3_higgs-small_2.parquet,c3_expansion,13,9,5.8,2026-07-16T15:50:51,False,False,False,
c3_expansion/c3_higgs-small_3.parquet,c3_expansion,13,9,5.8,2026-07-16T15:50:51,False,False,False,
c3_expansion/c3_higgs-small_4.parquet,c3_expansion,13,9,5.8,2026-07-16T15:50:51,False,False,False,
c3_frozen/c3_adult_0.parquet,c3_frozen,6,9,5.6,2026-07-17T19:39:15,False,False,False,
c3_frozen/c3_adult_1.parquet,c3_frozen,6,9,5.6,2026-07-17T19:39:15,False,False,False,
c3_frozen/c3_adult_2.parquet,c3_frozen,6,9,5.6,2026-07-17T19:39:15,False,False,False,
c3_frozen/c3_adult_3.parquet,c3_frozen,6,9,5.6,2026-07-17T19:39:15,False,False,False,
c3_frozen/c3_adult_4.parquet,c3_frozen,6,9,5.6,2026-07-17T19:39:15,False,False,False,
c3_frozen/c3_gmsc_0.parquet,c3_frozen,6,9,5.6,2026-07-17T19:39:15,False,False,False,
c3_frozen/c3_gmsc_1.parquet,c3_frozen,6,9,5.6,2026-07-17T19:39:15,False,False,False,
c3_frozen/c3_gmsc_2.parquet,c3_frozen,6,9,5.6,2026-07-17T19:39:15,False,False,False,
c3_frozen/c3_gmsc_3.parquet,c3_frozen,6,9,5.6,2026-07-17T19:39:15,False,False,False,
c3_frozen/c3_gmsc_4.parquet,c3_frozen,6,9,5.6,2026-07-17T19:39:15,False,False,False,
c3_frozen/c3_taiwan_0.parquet,c3_frozen,6,9,5.6,2026-07-17T19:39:15,False,False,False,
c3_frozen/c3_taiwan_1.parquet,c3_frozen,6,9,5.6,2026-07-17T19:39:15,False,False,False,
c3_frozen/c3_taiwan_2.parquet,c3_frozen,6,9,5.6,2026-07-17T19:39:15,False,False,False,
c3_frozen/c3_taiwan_3.parquet,c3_frozen,6,9,5.6,2026-07-17T19:39:15,False,False,False,
c3_frozen/c3_taiwan_4.parquet,c3_frozen,6,9,5.6,2026-07-17T19:39:15,False,False,False,
c3_ft/c3_german_0.parquet,c3_ft,4,9,5.5,2026-07-15T16:45:15,False,False,False,
c3_ft/c3_german_1.parquet,c3_ft,4,9,5.5,2026-07-15T16:45:15,False,False,False,
c3_ft/c3_german_2.parquet,c3_ft,4,9,5.5,2026-07-15T16:45:15,False,False,False,
c3_ft/c3_german_3.parquet,c3_ft,4,9,5.5,2026-07-15T16:45:15,False,False,False,
c3_ft/c3_german_4.parquet,c3_ft,4,9,5.5,2026-07-15T16:45:15,False,False,False,
c3_ft/c3_gmsc_0.parquet,c3_ft,4,9,5.5,2026-07-15T16:45:15,False,False,False,
c3_ft/c3_gmsc_1.parquet,c3_ft,4,9,5.5,2026-07-15T16:45:15,False,False,False,
c3_ft/c3_gmsc_2.parquet,c3_ft,4,9,5.5,2026-07-15T16:45:15,False,False,False,
c3_ft/c3_gmsc_3.parquet,c3_ft,4,9,5.5,2026-07-15T16:45:15,False,False,False,
c3_ft/c3_gmsc_4.parquet,c3_ft,4,9,5.5,2026-07-15T16:45:15,False,False,False,
c3_ft/c3_taiwan_0.parquet,c3_ft,4,9,5.5,2026-07-15T16:45:15,False,False,False,
c3_ft/c3_taiwan_1.parquet,c3_ft,4,9,5.5,2026-07-15T16:45:15,False,False,False,
c3_ft/c3_taiwan_2.parquet,c3_ft,4,9,5.5,2026-07-15T16:45:15,False,False,False,
c3_ft/c3_taiwan_3.parquet,c3_ft,4,9,5.5,2026-07-15T16:45:15,False,False,False,
c3_ft/c3_taiwan_4.parquet,c3_ft,4,9,5.5,2026-07-15T16:45:15,False,False,False,
c3_gmsc_aux0/c3_gmsc_0.parquet,c3_gmsc_aux0,1,9,5.4,2026-07-15T03:34:42,False,False,False,
c3_gmsc_aux0/c3_gmsc_1.parquet,c3_gmsc_aux0,1,9,5.4,2026-07-15T03:34:42,False,False,False,
c3_gmsc_aux0/c3_gmsc_2.parquet,c3_gmsc_aux0,1,9,5.4,2026-07-15T03:34:42,False,False,False,
c3_gmsc_aux0/c3_gmsc_3.parquet,c3_gmsc_aux0,1,9,5.4,2026-07-15T03:34:42,False,False,False,
c3_gmsc_aux0/c3_gmsc_4.parquet,c3_gmsc_aux0,1,9,5.4,2026-07-15T03:34:42,False,False,False,
c3_gmsc_b16/c3_gmsc_0.parquet,c3_gmsc_b16,1,9,5.4,2026-07-15T03:34:42,False,False,False,
c3_gmsc_b16/c3_gmsc_1.parquet,c3_gmsc_b16,1,9,5.4,2026-07-15T03:34:42,False,False,False,
c3_gmsc_b16/c3_gmsc_2.parquet,c3_gmsc_b16,1,9,5.4,2026-07-15T03:34:42,False,False,False,
c3_gmsc_b16/c3_gmsc_3.parquet,c3_gmsc_b16,1,9,5.4,2026-07-15T03:34:42,False,False,False,
c3_gmsc_b16/c3_gmsc_4.parquet,c3_gmsc_b16,1,9,5.4,2026-07-15T03:34:42,False,False,False,
c3_gmsc_plusraw/c3_gmsc_0.parquet,c3_gmsc_plusraw,1,9,5.4,2026-07-15T03:53:05,False,False,False,
c3_gmsc_plusraw/c3_gmsc_1.parquet,c3_gmsc_plusraw,1,9,5.4,2026-07-15T03:53:05,False,False,False,
c3_gmsc_plusraw/c3_gmsc_2.parquet,c3_gmsc_plusraw,1,9,5.4,2026-07-15T03:53:05,False,False,False,
c3_gmsc_plusraw/c3_gmsc_3.parquet,c3_gmsc_plusraw,1,9,5.4,2026-07-15T03:53:05,False,False,False,
c3_gmsc_plusraw/c3_gmsc_4.parquet,c3_gmsc_plusraw,1,9,5.4,2026-07-15T03:53:05,False,False,False,
c3_heloc/c3_heloc_0.parquet,c3_heloc,9,9,5.7,2026-07-17T21:06:06,False,False,False,
c3_heloc/c3_heloc_1.parquet,c3_heloc,9,9,5.7,2026-07-17T21:06:06,False,False,False,
c3_heloc/c3_heloc_2.parquet,c3_heloc,9,9,5.7,2026-07-17T21:06:06,False,False,False,
c3_heloc/c3_heloc_3.parquet,c3_heloc,9,9,5.7,2026-07-17T21:06:06,False,False,False,
c3_heloc/c3_heloc_4.parquet,c3_heloc,9,9,5.7,2026-07-17T21:06:06,False,False,False,
c3_heloc_tok/c3_heloc_0.parquet,c3_heloc_tok,9,10,6.2,2026-07-18T02:42:32,False,False,False,
c3_heloc_tok/c3_heloc_1.parquet,c3_heloc_tok,9,10,6.2,2026-07-18T02:42:32,False,False,False,
c3_heloc_tok/c3_heloc_2.parquet,c3_heloc_tok,9,10,6.2,2026-07-18T02:42:32,False,False,False,
c3_heloc_tok/c3_heloc_3.parquet,c3_heloc_tok,9,10,6.2,2026-07-18T02:42:32,False,False,False,
c3_heloc_tok/c3_heloc_4.parquet,c3_heloc_tok,9,10,6.2,2026-07-18T02:42:32,False,False,False,
c3_massknot/c3_adult_0.parquet,c3_massknot,9,13,7.7,2026-07-31T19:08:58,True,False,False,
c3_massknot/c3_adult_1.parquet,c3_massknot,9,13,7.7,2026-07-31T19:08:58,True,False,False,
c3_massknot/c3_adult_2.parquet,c3_massknot,9,13,7.7,2026-07-31T19:08:58,True,False,False,
c3_massknot/c3_adult_3.parquet,c3_massknot,9,13,7.7,2026-07-31T19:08:58,True,False,False,
c3_massknot/c3_adult_4.parquet,c3_massknot,9,13,7.7,2026-07-31T19:08:58,True,False,False,
c3_massknot/c3_churn_0.parquet,c3_massknot,9,13,7.7,2026-07-31T19:08:58,True,False,False,
c3_massknot/c3_churn_1.parquet,c3_massknot,9,13,7.7,2026-07-31T19:08:58,True,False,False,
c3_massknot/c3_churn_2.parquet,c3_massknot,9,13,7.7,2026-07-31T19:08:58,True,False,False,
c3_massknot/c3_churn_3.parquet,c3_massknot,9,13,7.7,2026-07-31T19:08:58,True,False,False,
c3_massknot/c3_churn_4.parquet,c3_massknot,9,13,7.7,2026-07-31T19:08:58,True,False,False,
c3_massknot/c3_diabetes_0.parquet,c3_massknot,9,13,7.8,2026-07-31T19:08:58,True,False,False,
c3_massknot/c3_diabetes_1.parquet,c3_massknot,9,13,7.8,2026-07-31T19:08:58,True,False,False,
c3_massknot/c3_diabetes_2.parquet,c3_massknot,9,13,7.8,2026-07-31T19:08:58,True,False,False,
c3_massknot/c3_diabetes_3.parquet,c3_massknot,9,13,7.8,2026-07-31T19:08:58,True,False,False,
c3_massknot/c3_diabetes_4.parquet,c3_massknot,9,13,7.8,2026-07-31T19:08:58,True,False,False,
c3_massknot/c3_german_0.parquet,c3_massknot,9,13,7.8,2026-07-31T19:08:58,True,False,False,
c3_massknot/c3_german_1.parquet,c3_massknot,9,13,7.7,2026-07-31T19:08:58,True,False,False,
c3_massknot/c3_german_2.parquet,c3_massknot,9,13,7.7,2026-07-31T19:08:58,True,False,False,
c3_massknot/c3_german_3.parquet,c3_massknot,9,13,7.7,2026-07-31T19:08:58,True,False,False,
c3_massknot/c3_german_4.parquet,c3_massknot,9,13,7.7,2026-07-31T19:08:58,True,False,False,
c3_massknot/c3_gmsc_0.parquet,c3_massknot,9,13,7.7,2026-07-31T19:08:58,True,False,False,
c3_massknot/c3_gmsc_1.parquet,c3_massknot,9,13,7.7,2026-07-31T19:08:58,True,False,False,
c3_massknot/c3_gmsc_2.parquet,c3_massknot,9,13,7.7,2026-07-31T19:08:58,True,False,False,
c3_massknot/c3_gmsc_3.parquet,c3_massknot,9,13,7.7,2026-07-31T19:08:58,True,False,False,
c3_massknot/c3_gmsc_4.parquet,c3_massknot,9,13,7.7,2026-07-31T19:08:58,True,False,False,
c3_massknot/c3_heloc_0.parquet,c3_massknot,9,13,7.7,2026-07-31T19:08:58,True,False,False,
c3_massknot/c3_heloc_1.parquet,c3_massknot,9,13,7.7,2026-07-31T19:08:58,True,False,False,
c3_massknot/c3_heloc_2.parquet,c3_massknot,9,13,7.7,2026-07-31T19:08:58,True,False,False,
c3_massknot/c3_heloc_3.parquet,c3_massknot,9,13,7.7,2026-07-31T19:08:58,True,False,False,
c3_massknot/c3_heloc_4.parquet,c3_massknot,9,13,7.7,2026-07-31T19:08:58,True,False,False,
c3_massknot/c3_higgs-small_0.parquet,c3_massknot,9,13,7.8,2026-07-31T19:08:58,True,False,False,
c3_massknot/c3_higgs-small_1.parquet,c3_massknot,9,13,7.8,2026-07-31T19:08:58,True,False,False,
c3_massknot/c3_higgs-small_2.parquet,c3_massknot,9,13,7.8,2026-07-31T19:08:58,True,False,False,
c3_massknot/c3_higgs-small_3.parquet,c3_massknot,9,13,7.8,2026-07-31T19:08:58,True,False,False,
c3_massknot/c3_higgs-small_4.parquet,c3_massknot,9,13,7.8,2026-07-31T19:08:58,True,False,False,
c3_massknot/c3_hmeq_0.parquet,c3_massknot,9,13,7.7,2026-07-31T19:08:58,True,False,False,
c3_massknot/c3_hmeq_1.parquet,c3_massknot,9,13,7.7,2026-07-31T19:08:58,True,False,False,
c3_massknot/c3_hmeq_2.parquet,c3_massknot,9,13,7.7,2026-07-31T19:08:58,True,False,False,
c3_massknot/c3_hmeq_3.parquet,c3_massknot,9,13,7.7,2026-07-31T19:08:58,True,False,False,
c3_massknot/c3_hmeq_4.parquet,c3_massknot,9,13,7.7,2026-07-31T19:08:58,True,False,False,
c3_massknot/c3_santander_0.parquet,c3_massknot,9,13,7.8,2026-07-31T19:08:58,True,False,False,
c3_massknot/c3_santander_1.parquet,c3_massknot,9,13,7.8,2026-07-31T19:08:58,True,False,False,
c3_massknot/c3_santander_2.parquet,c3_massknot,9,13,7.8,2026-07-31T19:08:58,True,False,False,
c3_massknot/c3_santander_3.parquet,c3_massknot,9,13,7.8,2026-07-31T19:08:58,True,False,False,
c3_massknot/c3_santander_4.parquet,c3_massknot,9,13,7.8,2026-07-31T19:08:58,True,False,False,
c3_massknot/c3_taiwan_0.parquet,c3_massknot,9,13,7.7,2026-07-31T19:08:58,True,False,False,
c3_massknot/c3_taiwan_1.parquet,c3_massknot,9,13,7.7,2026-07-31T19:08:58,True,False,False,
c3_massknot/c3_taiwan_2.parquet,c3_massknot,9,13,7.7,2026-07-31T19:08:58,True,False,False,
c3_massknot/c3_taiwan_3.parquet,c3_massknot,9,13,7.7,2026-07-31T19:08:58,True,False,False,
c3_massknot/c3_taiwan_4.parquet,c3_massknot,9,13,7.7,2026-07-31T19:08:58,True,False,False,
c3_noot/c3_adult_0.parquet,c3_noot,3,13,7.5,2026-07-30T15:38:36,False,False,False,
c3_noot/c3_adult_1.parquet,c3_noot,3,13,7.5,2026-07-30T15:38:36,False,False,False,
c3_noot/c3_adult_2.parquet,c3_noot,3,13,7.5,2026-07-30T15:38:36,False,False,False,
c3_noot/c3_adult_3.parquet,c3_noot,3,13,7.5,2026-07-30T15:38:36,False,False,False,
c3_noot/c3_adult_4.parquet,c3_noot,3,13,7.5,2026-07-30T15:38:36,False,False,False,
c3_noot/c3_churn_0.parquet,c3_noot,3,13,7.5,2026-07-30T15:38:36,False,False,False,
c3_noot/c3_churn_1.parquet,c3_noot,3,13,7.5,2026-07-30T15:38:36,False,False,False,
c3_noot/c3_churn_2.parquet,c3_noot,3,13,7.5,2026-07-30T15:38:36,False,False,False,
c3_noot/c3_churn_3.parquet,c3_noot,3,13,7.5,2026-07-30T15:38:36,False,False,False,
c3_noot/c3_churn_4.parquet,c3_noot,3,13,7.5,2026-07-30T15:38:36,False,False,False,
c3_noot/c3_diabetes_0.parquet,c3_noot,3,13,7.6,2026-07-30T15:38:36,False,False,False,
c3_noot/c3_diabetes_1.parquet,c3_noot,3,13,7.6,2026-07-30T15:38:36,False,False,False,
c3_noot/c3_diabetes_2.parquet,c3_noot,3,13,7.6,2026-07-30T15:38:36,False,False,False,
c3_noot/c3_diabetes_3.parquet,c3_noot,3,13,7.6,2026-07-30T15:38:36,False,False,False,
c3_noot/c3_diabetes_4.parquet,c3_noot,3,13,7.6,2026-07-30T15:38:36,False,False,False,
c3_noot/c3_german_0.parquet,c3_noot,3,13,7.5,2026-07-30T15:38:36,False,False,False,
c3_noot/c3_german_1.parquet,c3_noot,3,13,7.5,2026-07-30T15:38:36,False,False,False,
c3_noot/c3_german_2.parquet,c3_noot,3,13,7.5,2026-07-30T15:38:36,False,False,False,
c3_noot/c3_german_3.parquet,c3_noot,3,13,7.5,2026-07-30T15:38:36,False,False,False,
c3_noot/c3_german_4.parquet,c3_noot,3,13,7.5,2026-07-30T15:38:36,False,False,False,
c3_noot/c3_gmsc_0.parquet,c3_noot,3,13,7.5,2026-07-30T15:38:36,False,False,False,
c3_noot/c3_gmsc_1.parquet,c3_noot,3,13,7.5,2026-07-30T15:38:36,False,False,False,
c3_noot/c3_gmsc_2.parquet,c3_noot,3,13,7.5,2026-07-30T15:38:36,False,False,False,
c3_noot/c3_gmsc_3.parquet,c3_noot,3,13,7.5,2026-07-30T15:38:36,False,False,False,
c3_noot/c3_gmsc_4.parquet,c3_noot,3,13,7.5,2026-07-30T15:38:36,False,False,False,
c3_noot/c3_heloc_0.parquet,c3_noot,3,13,7.5,2026-07-30T15:38:36,False,False,False,
c3_noot/c3_heloc_1.parquet,c3_noot,3,13,7.5,2026-07-30T15:38:36,False,False,False,
c3_noot/c3_heloc_2.parquet,c3_noot,3,13,7.5,2026-07-30T15:38:36,False,False,False,
c3_noot/c3_heloc_3.parquet,c3_noot,3,13,7.5,2026-07-30T15:38:36,False,False,False,
c3_noot/c3_heloc_4.parquet,c3_noot,3,13,7.5,2026-07-30T15:38:36,False,False,False,
c3_noot/c3_higgs-small_0.parquet,c3_noot,3,13,7.6,2026-07-30T15:38:36,False,False,False,
c3_noot/c3_higgs-small_1.parquet,c3_noot,3,13,7.6,2026-07-30T15:38:36,False,False,False,
c3_noot/c3_higgs-small_2.parquet,c3_noot,3,13,7.6,2026-07-30T15:38:36,False,False,False,
c3_noot/c3_higgs-small_3.parquet,c3_noot,3,13,7.6,2026-07-30T15:38:36,False,False,False,
c3_noot/c3_higgs-small_4.parquet,c3_noot,3,13,7.6,2026-07-30T15:38:36,False,False,False,
c3_noot/c3_hmeq_0.parquet,c3_noot,3,13,7.5,2026-07-30T15:38:36,False,False,False,
c3_noot/c3_hmeq_1.parquet,c3_noot,3,13,7.5,2026-07-30T15:38:36,False,False,False,
c3_noot/c3_hmeq_2.parquet,c3_noot,3,13,7.5,2026-07-30T15:38:36,False,False,False,
c3_noot/c3_hmeq_3.parquet,c3_noot,3,13,7.5,2026-07-30T15:38:36,False,False,False,
c3_noot/c3_hmeq_4.parquet,c3_noot,3,13,7.5,2026-07-30T15:38:36,False,False,False,
c3_noot/c3_santander_0.parquet,c3_noot,3,13,7.6,2026-07-30T15:38:36,False,False,False,
c3_noot/c3_santander_1.parquet,c3_noot,3,13,7.6,2026-07-30T15:38:36,False,False,False,
c3_noot/c3_santander_2.parquet,c3_noot,3,13,7.6,2026-07-30T15:38:36,False,False,False,
c3_noot/c3_santander_3.parquet,c3_noot,3,13,7.6,2026-07-30T15:38:36,False,False,False,
c3_noot/c3_santander_4.parquet,c3_noot,3,13,7.6,2026-07-30T15:38:36,False,False,False,
c3_noot/c3_taiwan_0.parquet,c3_noot,3,13,7.5,2026-07-30T15:38:36,False,False,False,
c3_noot/c3_taiwan_1.parquet,c3_noot,3,13,7.5,2026-07-30T15:38:36,False,False,False,
c3_noot/c3_taiwan_2.parquet,c3_noot,3,13,7.5,2026-07-30T15:38:36,False,False,False,
c3_noot/c3_taiwan_3.parquet,c3_noot,3,13,7.5,2026-07-30T15:38:36,False,False,False,
c3_noot/c3_taiwan_4.parquet,c3_noot,3,13,7.5,2026-07-30T15:38:36,False,False,False,
c3_noot_heloc/c3_heloc_0.parquet,c3_noot_heloc,2,13,7.5,2026-07-30T17:03:07,True,False,False,
c3_noot_heloc/c3_heloc_1.parquet,c3_noot_heloc,2,13,7.5,2026-07-30T17:03:07,True,False,False,
c3_noot_heloc/c3_heloc_2.parquet,c3_noot_heloc,2,13,7.5,2026-07-30T17:03:07,True,False,False,
c3_noot_heloc/c3_heloc_3.parquet,c3_noot_heloc,2,13,7.5,2026-07-30T17:03:07,True,False,False,
c3_noot_heloc/c3_heloc_4.parquet,c3_noot_heloc,2,13,7.5,2026-07-30T17:03:07,True,False,False,
c3_otq/c3_german_0.parquet,c3_otq,2,9,5.4,2026-07-15T03:18:53,False,False,False,
c3_otq/c3_german_1.parquet,c3_otq,2,9,5.4,2026-07-15T03:18:53,False,False,False,
c3_otq/c3_german_2.parquet,c3_otq,2,9,5.4,2026-07-15T03:18:53,False,False,False,
c3_otq/c3_german_3.parquet,c3_otq,2,9,5.4,2026-07-15T03:18:53,False,False,False,
c3_otq/c3_german_4.parquet,c3_otq,2,9,5.4,2026-07-15T03:18:53,False,False,False,
c3_otq/c3_gmsc_0.parquet,c3_otq,2,9,5.4,2026-07-15T03:18:53,False,False,False,
c3_otq/c3_gmsc_1.parquet,c3_otq,2,9,5.4,2026-07-15T03:18:53,False,False,False,
c3_otq/c3_gmsc_2.parquet,c3_otq,2,9,5.4,2026-07-15T03:18:53,False,False,False,
c3_otq/c3_gmsc_3.parquet,c3_otq,2,9,5.4,2026-07-15T03:18:53,False,False,False,
c3_otq/c3_gmsc_4.parquet,c3_otq,2,9,5.4,2026-07-15T03:18:53,False,False,False,
c3_otq/c3_taiwan_0.parquet,c3_otq,2,9,5.4,2026-07-15T03:18:53,False,False,False,
c3_otq/c3_taiwan_1.parquet,c3_otq,2,9,5.4,2026-07-15T03:18:53,False,False,False,
c3_otq/c3_taiwan_2.parquet,c3_otq,2,9,5.4,2026-07-15T03:18:53,False,False,False,
c3_otq/c3_taiwan_3.parquet,c3_otq,2,9,5.4,2026-07-15T03:18:53,False,False,False,
c3_otq/c3_taiwan_4.parquet,c3_otq,2,9,5.4,2026-07-15T03:18:53,False,False,False,
c3_pleinterp/c3_german_0.parquet,c3_pleinterp,2,9,5.4,2026-07-15T16:45:15,False,False,False,
c3_pleinterp/c3_german_1.parquet,c3_pleinterp,2,9,5.4,2026-07-15T16:45:15,False,False,False,
c3_pleinterp/c3_german_2.parquet,c3_pleinterp,2,9,5.4,2026-07-15T16:45:15,False,False,False,
c3_pleinterp/c3_german_3.parquet,c3_pleinterp,2,9,5.4,2026-07-15T16:45:15,False,False,False,
c3_pleinterp/c3_german_4.parquet,c3_pleinterp,2,9,5.4,2026-07-15T16:45:15,False,False,False,
c3_pleinterp/c3_gmsc_0.parquet,c3_pleinterp,2,9,5.4,2026-07-15T16:45:15,False,False,False,
c3_pleinterp/c3_gmsc_1.parquet,c3_pleinterp,2,9,5.4,2026-07-15T16:45:15,False,False,False,
c3_pleinterp/c3_gmsc_2.parquet,c3_pleinterp,2,9,5.4,2026-07-15T16:45:15,False,False,False,
c3_pleinterp/c3_gmsc_3.parquet,c3_pleinterp,2,9,5.4,2026-07-15T16:45:15,False,False,False,
c3_pleinterp/c3_gmsc_4.parquet,c3_pleinterp,2,9,5.4,2026-07-15T16:45:15,False,False,False,
c3_pleinterp/c3_taiwan_0.parquet,c3_pleinterp,2,9,5.4,2026-07-15T16:45:15,False,False,False,
c3_pleinterp/c3_taiwan_1.parquet,c3_pleinterp,2,9,5.4,2026-07-15T16:45:15,False,False,False,
c3_pleinterp/c3_taiwan_2.parquet,c3_pleinterp,2,9,5.4,2026-07-15T16:45:15,False,False,False,
c3_pleinterp/c3_taiwan_3.parquet,c3_pleinterp,2,9,5.4,2026-07-15T16:45:15,False,False,False,
c3_pleinterp/c3_taiwan_4.parquet,c3_pleinterp,2,9,5.4,2026-07-15T16:45:15,False,False,False,
c3_pw/c3_adult_0.parquet,c3_pw,3,11,6.4,2026-07-21T20:13:33,False,False,False,
c3_pw/c3_adult_1.parquet,c3_pw,3,11,6.4,2026-07-21T20:13:33,False,False,False,
c3_pw/c3_adult_2.parquet,c3_pw,3,11,6.4,2026-07-21T20:13:33,False,False,False,
c3_pw/c3_adult_3.parquet,c3_pw,3,11,6.4,2026-07-21T20:13:33,False,False,False,
c3_pw/c3_adult_4.parquet,c3_pw,3,11,6.4,2026-07-21T20:13:33,False,False,False,
c3_pw/c3_german_0.parquet,c3_pw,3,11,6.4,2026-07-21T20:13:33,False,False,False,
c3_pw/c3_german_1.parquet,c3_pw,3,11,6.4,2026-07-21T20:13:33,False,False,False,
c3_pw/c3_german_2.parquet,c3_pw,3,11,6.4,2026-07-21T20:13:33,False,False,False,
c3_pw/c3_german_3.parquet,c3_pw,3,11,6.4,2026-07-21T20:13:33,False,False,False,
c3_pw/c3_german_4.parquet,c3_pw,3,11,6.4,2026-07-21T20:13:33,False,False,False,
c3_pw/c3_gmsc_0.parquet,c3_pw,3,11,6.3,2026-07-21T20:13:33,False,False,False,
c3_pw/c3_gmsc_1.parquet,c3_pw,3,11,6.3,2026-07-21T20:13:33,False,False,False,
c3_pw/c3_gmsc_2.parquet,c3_pw,3,11,6.3,2026-07-21T20:13:33,False,False,False,
c3_pw/c3_gmsc_3.parquet,c3_pw,3,11,6.3,2026-07-21T20:13:33,False,False,False,
c3_pw/c3_gmsc_4.parquet,c3_pw,3,11,6.3,2026-07-21T20:13:33,False,False,False,
c3_pw/c3_heloc_0.parquet,c3_pw,3,11,6.3,2026-07-21T20:13:33,False,False,False,
c3_pw/c3_heloc_1.parquet,c3_pw,3,11,6.3,2026-07-21T20:13:33,False,False,False,
c3_pw/c3_heloc_2.parquet,c3_pw,3,11,6.3,2026-07-21T20:13:33,False,False,False,
c3_pw/c3_heloc_3.parquet,c3_pw,3,11,6.3,2026-07-21T20:13:33,False,False,False,
c3_pw/c3_heloc_4.parquet,c3_pw,3,11,6.3,2026-07-21T20:13:33,False,False,False,
c3_pw/c3_taiwan_0.parquet,c3_pw,3,11,6.4,2026-07-21T20:13:33,False,False,False,
c3_pw/c3_taiwan_1.parquet,c3_pw,3,11,6.4,2026-07-21T20:13:33,False,False,False,
c3_pw/c3_taiwan_2.parquet,c3_pw,3,11,6.4,2026-07-21T20:13:33,False,False,False,
c3_pw/c3_taiwan_3.parquet,c3_pw,3,11,6.4,2026-07-21T20:13:33,False,False,False,
c3_pw/c3_taiwan_4.parquet,c3_pw,3,11,6.4,2026-07-21T20:13:33,False,False,False,
c3_pw2/c3_adult_0.parquet,c3_pw2,3,11,6.4,2026-07-21T20:35:31,False,False,False,
c3_pw2/c3_adult_1.parquet,c3_pw2,3,11,6.4,2026-07-21T20:35:31,False,False,False,
c3_pw2/c3_adult_2.parquet,c3_pw2,3,11,6.4,2026-07-21T20:35:31,False,False,False,
c3_pw2/c3_adult_3.parquet,c3_pw2,3,11,6.4,2026-07-21T20:35:31,False,False,False,
c3_pw2/c3_adult_4.parquet,c3_pw2,3,11,6.4,2026-07-21T20:35:31,False,False,False,
c3_pw2/c3_german_0.parquet,c3_pw2,3,11,6.4,2026-07-21T20:35:31,False,False,False,
c3_pw2/c3_german_1.parquet,c3_pw2,3,11,6.4,2026-07-21T20:35:31,False,False,False,
c3_pw2/c3_german_2.parquet,c3_pw2,3,11,6.4,2026-07-21T20:35:31,False,False,False,
c3_pw2/c3_german_3.parquet,c3_pw2,3,11,6.4,2026-07-21T20:35:31,False,False,False,
c3_pw2/c3_german_4.parquet,c3_pw2,3,11,6.4,2026-07-21T20:35:31,False,False,False,
c3_pw2/c3_gmsc_0.parquet,c3_pw2,3,11,6.3,2026-07-21T20:35:31,False,False,False,
c3_pw2/c3_gmsc_1.parquet,c3_pw2,3,11,6.3,2026-07-21T20:35:31,False,False,False,
c3_pw2/c3_gmsc_2.parquet,c3_pw2,3,11,6.3,2026-07-21T20:35:31,False,False,False,
c3_pw2/c3_gmsc_3.parquet,c3_pw2,3,11,6.3,2026-07-21T20:35:31,False,False,False,
c3_pw2/c3_gmsc_4.parquet,c3_pw2,3,11,6.3,2026-07-21T20:35:31,False,False,False,
c3_pw2/c3_heloc_0.parquet,c3_pw2,3,11,6.3,2026-07-21T20:35:31,False,False,False,
c3_pw2/c3_heloc_1.parquet,c3_pw2,3,11,6.3,2026-07-21T20:35:31,False,False,False,
c3_pw2/c3_heloc_2.parquet,c3_pw2,3,11,6.3,2026-07-21T20:35:31,False,False,False,
c3_pw2/c3_heloc_3.parquet,c3_pw2,3,11,6.3,2026-07-21T20:35:31,False,False,False,
c3_pw2/c3_heloc_4.parquet,c3_pw2,3,11,6.3,2026-07-21T20:35:31,False,False,False,
c3_pw2/c3_taiwan_0.parquet,c3_pw2,3,11,6.4,2026-07-21T20:35:31,False,False,False,
c3_pw2/c3_taiwan_1.parquet,c3_pw2,3,11,6.4,2026-07-21T20:35:31,False,False,False,
c3_pw2/c3_taiwan_2.parquet,c3_pw2,3,11,6.4,2026-07-21T20:35:31,False,False,False,
c3_pw2/c3_taiwan_3.parquet,c3_pw2,3,11,6.4,2026-07-21T20:35:31,False,False,False,
c3_pw2/c3_taiwan_4.parquet,c3_pw2,3,11,6.4,2026-07-21T20:35:31,False,False,False,
c3_suite/c3_california_0.parquet,c3_suite,13,13,7.6,2026-07-19T01:44:47,False,False,False,
c3_suite/c3_california_1.parquet,c3_suite,13,13,7.6,2026-07-19T01:44:47,False,False,False,
c3_suite/c3_california_2.parquet,c3_suite,13,13,7.6,2026-07-19T01:44:47,False,False,False,
c3_suite/c3_california_3.parquet,c3_suite,13,13,7.6,2026-07-19T01:44:47,False,False,False,
c3_suite/c3_california_4.parquet,c3_suite,13,13,7.6,2026-07-19T01:44:47,False,False,False,
c3_suite/c3_churn_0.parquet,c3_suite,16,13,8.0,2026-07-19T20:51:45,False,False,False,
c3_suite/c3_churn_1.parquet,c3_suite,16,13,8.0,2026-07-19T20:51:45,False,False,False,
c3_suite/c3_churn_2.parquet,c3_suite,16,13,8.0,2026-07-19T20:51:45,False,False,False,
c3_suite/c3_churn_3.parquet,c3_suite,16,13,8.0,2026-07-19T20:51:45,False,False,False,
c3_suite/c3_churn_4.parquet,c3_suite,16,13,8.0,2026-07-19T20:51:45,False,False,False,
c3_suite/c3_covertype_0.parquet,c3_suite,13,13,7.6,2026-07-19T01:44:47,False,False,False,
c3_suite/c3_covertype_1.parquet,c3_suite,13,13,7.6,2026-07-19T01:44:47,False,False,False,
c3_suite/c3_covertype_2.parquet,c3_suite,13,13,7.6,2026-07-19T01:44:47,False,False,False,
c3_suite/c3_covertype_3.parquet,c3_suite,13,13,7.6,2026-07-19T01:44:47,False,False,False,
c3_suite/c3_covertype_4.parquet,c3_suite,13,13,7.6,2026-07-19T01:44:47,False,False,False,
c3_suite/c3_facebook_0.parquet,c3_suite,13,13,7.6,2026-07-19T01:44:47,False,False,False,
c3_suite/c3_facebook_1.parquet,c3_suite,13,13,7.6,2026-07-19T01:44:47,False,False,False,
c3_suite/c3_facebook_2.parquet,c3_suite,13,13,7.6,2026-07-19T01:44:47,False,False,False,
c3_suite/c3_facebook_3.parquet,c3_suite,13,13,7.6,2026-07-19T01:44:47,False,False,False,
c3_suite/c3_facebook_4.parquet,c3_suite,13,13,7.6,2026-07-19T01:44:47,False,False,False,
c3_suite/c3_gesture_0.parquet,c3_suite,13,13,7.6,2026-07-19T01:44:47,False,False,False,
c3_suite/c3_gesture_1.parquet,c3_suite,13,13,7.6,2026-07-19T01:44:47,False,False,False,
c3_suite/c3_gesture_2.parquet,c3_suite,13,13,7.6,2026-07-19T01:44:47,False,False,False,
c3_suite/c3_gesture_3.parquet,c3_suite,13,13,7.6,2026-07-19T01:44:47,False,False,False,
c3_suite/c3_gesture_4.parquet,c3_suite,13,13,7.6,2026-07-19T01:44:47,False,False,False,
c3_suite/c3_house16h_0.parquet,c3_suite,13,13,7.6,2026-07-19T01:44:47,False,False,False,
c3_suite/c3_house16h_1.parquet,c3_suite,13,13,7.6,2026-07-19T01:44:47,False,False,False,
c3_suite/c3_house16h_2.parquet,c3_suite,13,13,7.6,2026-07-19T01:44:47,False,False,False,
c3_suite/c3_house16h_3.parquet,c3_suite,13,13,7.6,2026-07-19T01:44:47,False,False,False,
c3_suite/c3_house16h_4.parquet,c3_suite,13,13,7.6,2026-07-19T01:44:47,False,False,False,
c3_suite/c3_mslr_0.parquet,c3_suite,16,13,7.6,2026-07-19T20:51:45,False,False,False,
c3_suite/c3_mslr_1.parquet,c3_suite,13,13,7.5,2026-07-19T20:51:45,False,False,False,
c3_suite/c3_mslr_2.parquet,c3_suite,13,13,7.5,2026-07-19T20:51:45,False,False,False,
c3_suite/c3_mslr_3.parquet,c3_suite,13,13,7.5,2026-07-19T20:51:45,False,False,False,
c3_suite/c3_mslr_4.parquet,c3_suite,13,13,7.5,2026-07-19T20:51:45,False,False,False,
c3_suite/c3_otto_0.parquet,c3_suite,16,13,7.6,2026-07-19T20:51:45,False,False,False,
c3_suite/c3_otto_1.parquet,c3_suite,16,13,7.6,2026-07-19T20:51:45,False,False,False,
c3_suite/c3_otto_2.parquet,c3_suite,16,13,7.6,2026-07-19T20:51:45,False,False,False,
c3_suite/c3_otto_3.parquet,c3_suite,16,13,7.6,2026-07-19T20:51:45,False,False,False,
c3_suite/c3_otto_4.parquet,c3_suite,16,13,7.6,2026-07-19T20:51:45,False,False,False,
c3_suite/c3_santander_0.parquet,c3_suite,16,13,8.0,2026-07-19T20:51:45,False,False,False,
c3_suite/c3_santander_1.parquet,c3_suite,16,13,8.0,2026-07-19T20:51:45,False,False,False,
c3_suite/c3_santander_2.parquet,c3_suite,16,13,8.0,2026-07-19T20:51:45,False,False,False,
c3_suite/c3_santander_3.parquet,c3_suite,16,13,8.0,2026-07-19T20:51:45,False,False,False,
c3_suite/c3_santander_4.parquet,c3_suite,16,13,8.0,2026-07-19T20:51:45,False,False,False,
c3_suite_periodic/c3_adult_0.parquet,c3_suite_periodic,3,11,6.3,2026-07-19T21:08:30,False,False,False,
c3_suite_periodic/c3_adult_1.parquet,c3_suite_periodic,3,11,6.3,2026-07-19T21:08:30,False,False,False,
c3_suite_periodic/c3_adult_2.parquet,c3_suite_periodic,3,11,6.3,2026-07-19T21:08:30,False,False,False,
c3_suite_periodic/c3_adult_3.parquet,c3_suite_periodic,3,11,6.3,2026-07-19T21:08:30,False,False,False,
c3_suite_periodic/c3_adult_4.parquet,c3_suite_periodic,3,11,6.3,2026-07-19T21:08:30,False,False,False,
c3_suite_periodic/c3_california_0.parquet,c3_suite_periodic,3,11,6.2,2026-07-19T20:51:45,False,False,False,
c3_suite_periodic/c3_california_1.parquet,c3_suite_periodic,3,11,6.2,2026-07-19T20:51:45,False,False,False,
c3_suite_periodic/c3_california_2.parquet,c3_suite_periodic,3,11,6.2,2026-07-19T20:51:45,False,False,False,
c3_suite_periodic/c3_california_3.parquet,c3_suite_periodic,3,11,6.2,2026-07-19T20:51:45,False,False,False,
c3_suite_periodic/c3_california_4.parquet,c3_suite_periodic,3,11,6.2,2026-07-19T20:51:45,False,False,False,
c3_suite_periodic/c3_covertype_0.parquet,c3_suite_periodic,3,11,6.2,2026-07-19T20:51:45,False,False,False,
c3_suite_periodic/c3_covertype_1.parquet,c3_suite_periodic,3,11,6.2,2026-07-19T20:51:45,False,False,False,
c3_suite_periodic/c3_covertype_2.parquet,c3_suite_periodic,3,11,6.2,2026-07-19T20:51:45,False,False,False,
c3_suite_periodic/c3_covertype_3.parquet,c3_suite_periodic,3,11,6.2,2026-07-19T20:51:45,False,False,False,
c3_suite_periodic/c3_covertype_4.parquet,c3_suite_periodic,3,11,6.2,2026-07-19T20:51:45,False,False,False,
c3_suite_periodic/c3_facebook_0.parquet,c3_suite_periodic,3,11,6.1,2026-07-19T20:51:45,False,False,False,
c3_suite_periodic/c3_facebook_1.parquet,c3_suite_periodic,3,11,6.1,2026-07-19T20:51:45,False,False,False,
c3_suite_periodic/c3_facebook_2.parquet,c3_suite_periodic,3,11,6.1,2026-07-19T20:51:45,False,False,False,
c3_suite_periodic/c3_facebook_3.parquet,c3_suite_periodic,3,11,6.1,2026-07-19T20:51:45,False,False,False,
c3_suite_periodic/c3_facebook_4.parquet,c3_suite_periodic,3,11,6.1,2026-07-19T20:51:45,False,False,False,
c3_suite_periodic/c3_gesture_0.parquet,c3_suite_periodic,3,11,6.2,2026-07-19T20:51:45,False,False,False,
c3_suite_periodic/c3_gesture_1.parquet,c3_suite_periodic,3,11,6.2,2026-07-19T20:51:45,False,False,False,
c3_suite_periodic/c3_gesture_2.parquet,c3_suite_periodic,3,11,6.2,2026-07-19T20:51:45,False,False,False,
c3_suite_periodic/c3_gesture_3.parquet,c3_suite_periodic,3,11,6.2,2026-07-19T20:51:45,False,False,False,
c3_suite_periodic/c3_gesture_4.parquet,c3_suite_periodic,3,11,6.2,2026-07-19T20:51:45,False,False,False,
c3_suite_periodic/c3_higgs-small_0.parquet,c3_suite_periodic,3,11,6.4,2026-07-19T21:08:30,False,False,False,
c3_suite_periodic/c3_higgs-small_1.parquet,c3_suite_periodic,3,11,6.4,2026-07-19T21:08:30,False,False,False,
c3_suite_periodic/c3_higgs-small_2.parquet,c3_suite_periodic,3,11,6.4,2026-07-19T21:08:30,False,False,False,
c3_suite_periodic/c3_higgs-small_3.parquet,c3_suite_periodic,3,11,6.4,2026-07-19T21:08:30,False,False,False,
c3_suite_periodic/c3_higgs-small_4.parquet,c3_suite_periodic,3,11,6.4,2026-07-19T21:08:30,False,False,False,
c3_suite_periodic/c3_house16h_0.parquet,c3_suite_periodic,3,11,6.1,2026-07-19T20:51:45,False,False,False,
c3_suite_periodic/c3_house16h_1.parquet,c3_suite_periodic,3,11,6.1,2026-07-19T20:51:45,False,False,False,
c3_suite_periodic/c3_house16h_2.parquet,c3_suite_periodic,3,11,6.1,2026-07-19T20:51:45,False,False,False,
c3_suite_periodic/c3_house16h_3.parquet,c3_suite_periodic,3,11,6.1,2026-07-19T20:51:45,False,False,False,
c3_suite_periodic/c3_house16h_4.parquet,c3_suite_periodic,3,11,6.1,2026-07-19T20:51:45,False,False,False,
c3_suite_periodic/c3_mslr_0.parquet,c3_suite_periodic,3,11,6.1,2026-07-19T20:51:45,False,False,False,
c3_suite_periodic/c3_mslr_1.parquet,c3_suite_periodic,3,11,6.1,2026-07-19T20:51:45,False,False,False,
c3_suite_periodic/c3_mslr_2.parquet,c3_suite_periodic,3,11,6.1,2026-07-19T20:51:45,False,False,False,
c3_suite_periodic/c3_mslr_3.parquet,c3_suite_periodic,3,11,6.1,2026-07-19T20:51:45,False,False,False,
c3_suite_periodic/c3_mslr_4.parquet,c3_suite_periodic,3,11,6.1,2026-07-19T20:51:45,False,False,False,
c4_audit/c4audit_german_quantile_0.parquet,c4_audit,35,10,6.6,2026-07-15T21:34:57,False,False,False,
c4_audit/c4audit_german_standard_0.parquet,c4_audit,35,10,6.5,2026-07-15T21:34:57,False,False,False,
c4_audit/c4audit_gmsc_quantile_0.parquet,c4_audit,50,10,6.8,2026-07-15T21:34:57,False,False,False,
c4_audit/c4audit_gmsc_standard_0.parquet,c4_audit,50,10,6.8,2026-07-15T21:34:57,False,False,False,
c4_audit/c4audit_taiwan_quantile_0.parquet,c4_audit,115,10,7.5,2026-07-15T21:34:57,False,False,False,
c4_audit/c4audit_taiwan_standard_0.parquet,c4_audit,115,10,7.3,2026-07-15T21:34:57,False,False,False,
cal/cal_adult_0_perf.parquet,cal,5,11,6.6,2026-07-17T01:57:48,False,False,False,
cal/cal_adult_0_stab.parquet,cal,4,7,4.3,2026-07-17T01:57:48,False,False,False,
cal/cal_adult_1_perf.parquet,cal,5,11,6.6,2026-07-17T01:57:48,False,False,False,
cal/cal_adult_1_stab.parquet,cal,4,7,4.3,2026-07-17T01:57:48,False,False,False,
cal/cal_adult_2_perf.parquet,cal,5,11,6.6,2026-07-17T01:57:48,False,False,False,
cal/cal_adult_2_stab.parquet,cal,4,7,4.3,2026-07-17T01:57:48,False,False,False,
cal/cal_adult_3_perf.parquet,cal,5,11,6.6,2026-07-17T01:57:48,False,False,False,
cal/cal_adult_3_stab.parquet,cal,4,7,4.3,2026-07-17T01:57:48,False,False,False,
cal/cal_adult_4_perf.parquet,cal,5,11,6.6,2026-07-17T01:57:48,False,False,False,
cal/cal_adult_4_stab.parquet,cal,4,7,4.3,2026-07-17T01:57:48,False,False,False,
cal/cal_gmsc_0_perf.parquet,cal,5,11,6.6,2026-07-17T01:57:48,False,False,False,
cal/cal_gmsc_0_stab.parquet,cal,4,7,4.3,2026-07-17T01:57:48,False,False,False,
cal/cal_gmsc_1_perf.parquet,cal,5,11,6.6,2026-07-17T01:57:48,False,False,False,
cal/cal_gmsc_1_stab.parquet,cal,4,7,4.3,2026-07-17T01:57:48,False,False,False,
cal/cal_gmsc_2_perf.parquet,cal,5,11,6.6,2026-07-17T01:57:48,False,False,False,
cal/cal_gmsc_2_stab.parquet,cal,4,7,4.3,2026-07-17T01:57:48,False,False,False,
cal/cal_gmsc_3_perf.parquet,cal,5,11,6.6,2026-07-17T01:57:48,False,False,False,
cal/cal_gmsc_3_stab.parquet,cal,4,7,4.3,2026-07-17T01:57:48,False,False,False,
cal/cal_gmsc_4_perf.parquet,cal,5,11,6.6,2026-07-17T01:57:48,False,False,False,
cal/cal_gmsc_4_stab.parquet,cal,4,7,4.3,2026-07-17T01:57:48,False,False,False,
cal/cal_taiwan_0_perf.parquet,cal,5,11,6.6,2026-07-17T01:57:48,False,False,False,
cal/cal_taiwan_0_stab.parquet,cal,4,7,4.3,2026-07-17T01:57:48,False,False,False,
cal/cal_taiwan_1_perf.parquet,cal,5,11,6.6,2026-07-17T01:57:48,False,False,False,
cal/cal_taiwan_1_stab.parquet,cal,4,7,4.3,2026-07-17T01:57:48,False,False,False,
cal/cal_taiwan_2_perf.parquet,cal,5,11,6.6,2026-07-17T01:57:48,False,False,False,
cal/cal_taiwan_2_stab.parquet,cal,4,7,4.3,2026-07-17T01:57:48,False,False,False,
cal/cal_taiwan_3_perf.parquet,cal,5,11,6.6,2026-07-17T01:57:48,False,False,False,
cal/cal_taiwan_3_stab.parquet,cal,4,7,4.3,2026-07-17T01:57:48,False,False,False,
cal/cal_taiwan_4_perf.parquet,cal,5,11,6.6,2026-07-17T01:57:48,False,False,False,
cal/cal_taiwan_4_stab.parquet,cal,4,7,4.3,2026-07-17T01:57:48,False,False,False,
cal2/cal_adult_0_perf.parquet,cal2,5,11,6.6,2026-07-17T03:21:21,False,False,False,
cal2/cal_adult_0_stab.parquet,cal2,4,8,4.9,2026-07-17T03:21:21,False,False,False,
cal2/cal_adult_1_perf.parquet,cal2,5,11,6.6,2026-07-17T03:21:21,False,False,False,
cal2/cal_adult_1_stab.parquet,cal2,4,8,4.9,2026-07-17T03:21:21,False,False,False,
cal2/cal_adult_2_perf.parquet,cal2,5,11,6.6,2026-07-17T03:21:21,False,False,False,
cal2/cal_adult_2_stab.parquet,cal2,4,8,4.9,2026-07-17T03:21:21,False,False,False,
cal2/cal_adult_3_perf.parquet,cal2,5,11,6.6,2026-07-17T03:21:21,False,False,False,
cal2/cal_adult_3_stab.parquet,cal2,4,8,4.9,2026-07-17T03:21:21,False,False,False,
cal2/cal_adult_4_perf.parquet,cal2,5,11,6.6,2026-07-17T03:21:21,False,False,False,
cal2/cal_adult_4_stab.parquet,cal2,4,8,4.9,2026-07-17T03:21:21,False,False,False,
cal2/cal_gmsc_0_perf.parquet,cal2,5,11,6.6,2026-07-17T03:21:21,False,False,False,
cal2/cal_gmsc_0_stab.parquet,cal2,4,8,4.9,2026-07-17T03:21:21,False,False,False,
cal2/cal_gmsc_1_perf.parquet,cal2,5,11,6.6,2026-07-17T03:21:21,False,False,False,
cal2/cal_gmsc_1_stab.parquet,cal2,4,8,4.9,2026-07-17T03:21:21,False,False,False,
cal2/cal_gmsc_2_perf.parquet,cal2,5,11,6.6,2026-07-17T03:21:21,False,False,False,
cal2/cal_gmsc_2_stab.parquet,cal2,4,8,4.9,2026-07-17T03:21:21,False,False,False,
cal2/cal_gmsc_3_perf.parquet,cal2,5,11,6.6,2026-07-17T03:21:21,False,False,False,
cal2/cal_gmsc_3_stab.parquet,cal2,4,8,4.9,2026-07-17T03:21:21,False,False,False,
cal2/cal_gmsc_4_perf.parquet,cal2,5,11,6.6,2026-07-17T03:21:21,False,False,False,
cal2/cal_gmsc_4_stab.parquet,cal2,4,8,4.9,2026-07-17T03:21:21,False,False,False,
cal2/cal_taiwan_0_perf.parquet,cal2,5,11,6.6,2026-07-17T03:21:21,False,False,False,
cal2/cal_taiwan_0_stab.parquet,cal2,4,8,4.9,2026-07-17T03:21:21,False,False,False,
cal2/cal_taiwan_1_perf.parquet,cal2,5,11,6.6,2026-07-17T03:21:21,False,False,False,
cal2/cal_taiwan_1_stab.parquet,cal2,4,8,4.9,2026-07-17T03:21:21,False,False,False,
cal2/cal_taiwan_2_perf.parquet,cal2,5,11,6.6,2026-07-17T03:21:21,False,False,False,
cal2/cal_taiwan_2_stab.parquet,cal2,4,8,4.9,2026-07-17T03:21:21,False,False,False,
cal2/cal_taiwan_3_perf.parquet,cal2,5,11,6.6,2026-07-17T03:21:21,False,False,False,
cal2/cal_taiwan_3_stab.parquet,cal2,4,8,4.9,2026-07-17T03:21:21,False,False,False,
cal2/cal_taiwan_4_perf.parquet,cal2,5,11,6.6,2026-07-17T03:21:21,False,False,False,
cal2/cal_taiwan_4_stab.parquet,cal2,4,8,4.9,2026-07-17T03:21:21,False,False,False,
compas/compas_ot_ple_0_audit.parquet,compas,36,9,5.7,2026-07-20T04:28:33,False,False,False,
compas/compas_ot_ple_0_consensus.parquet,compas,14,9,5.7,2026-07-20T04:28:33,False,False,False,
compas/compas_ot_ple_0_fairness.parquet,compas,7,15,8.7,2026-07-20T04:28:33,False,False,False,
compas/compas_ot_ple_1_audit.parquet,compas,36,9,5.7,2026-07-20T04:28:33,False,False,False,
compas/compas_ot_ple_1_consensus.parquet,compas,14,9,5.7,2026-07-20T04:28:33,False,False,False,
compas/compas_ot_ple_1_fairness.parquet,compas,7,15,8.7,2026-07-20T04:28:33,False,False,False,
compas/compas_ot_ple_2_audit.parquet,compas,36,9,5.7,2026-07-20T04:28:33,False,False,False,
compas/compas_ot_ple_2_consensus.parquet,compas,14,9,5.7,2026-07-20T04:28:33,False,False,False,
compas/compas_ot_ple_2_fairness.parquet,compas,7,15,8.7,2026-07-20T04:28:33,False,False,False,
compas/compas_ot_ple_3_audit.parquet,compas,36,9,5.7,2026-07-20T04:28:33,False,False,False,
compas/compas_ot_ple_3_consensus.parquet,compas,14,9,5.7,2026-07-20T04:28:33,False,False,False,
compas/compas_ot_ple_3_fairness.parquet,compas,7,15,8.7,2026-07-20T04:28:33,False,False,False,
compas/compas_ot_ple_4_audit.parquet,compas,36,9,5.8,2026-07-20T04:28:33,False,False,False,
compas/compas_ot_ple_4_consensus.parquet,compas,14,9,5.7,2026-07-20T04:28:33,False,False,False,
compas/compas_ot_ple_4_fairness.parquet,compas,7,15,8.7,2026-07-20T04:28:33,False,False,False,
eq1/eq1_cifar10_0.parquet,eq1,3,10,6.0,2026-07-18T04:04:11,False,False,False,
eq1/eq1_cifar10_0_audit.parquet,eq1,28,5,3.5,2026-07-18T04:04:11,False,False,False,
eq1/eq1_cifar10_1.parquet,eq1,3,10,6.0,2026-07-18T04:04:11,False,False,False,
eq1/eq1_cifar10_1_audit.parquet,eq1,28,5,3.5,2026-07-18T04:04:11,False,False,False,
eq1/eq1_cifar10_2.parquet,eq1,3,10,6.0,2026-07-18T04:04:11,False,False,False,
eq1/eq1_cifar10_2_audit.parquet,eq1,28,5,3.5,2026-07-18T04:04:11,False,False,False,
eq1/eq1_mnist_0.parquet,eq1,3,10,6.0,2026-07-18T04:04:11,False,False,False,
eq1/eq1_mnist_0_audit.parquet,eq1,28,5,3.5,2026-07-18T04:04:11,False,False,False,
eq1/eq1_mnist_1.parquet,eq1,3,10,6.0,2026-07-18T04:04:11,False,False,False,
eq1/eq1_mnist_1_audit.parquet,eq1,28,5,3.5,2026-07-18T04:04:11,False,False,False,
eq1/eq1_mnist_2.parquet,eq1,3,10,6.0,2026-07-18T04:04:11,False,False,False,
eq1/eq1_mnist_2_audit.parquet,eq1,28,5,3.5,2026-07-18T04:04:11,False,False,False,
eq1_v2/eq1_cifar10_0.parquet,eq1_v2,3,10,6.0,2026-07-18T04:30:15,False,False,False,
eq1_v2/eq1_cifar10_0_audit.parquet,eq1_v2,28,5,3.5,2026-07-18T04:30:15,False,False,False,
eq1_v2/eq1_cifar10_1.parquet,eq1_v2,3,10,6.0,2026-07-18T04:30:15,False,False,False,
eq1_v2/eq1_cifar10_1_audit.parquet,eq1_v2,28,5,3.5,2026-07-18T04:30:15,False,False,False,
eq1_v2/eq1_cifar10_2.parquet,eq1_v2,3,10,6.0,2026-07-18T04:30:15,False,False,False,
eq1_v2/eq1_cifar10_2_audit.parquet,eq1_v2,28,5,3.5,2026-07-18T04:30:15,False,False,False,
eq1_v2/eq1_mnist_0.parquet,eq1_v2,3,10,6.0,2026-07-18T04:30:15,False,False,False,
eq1_v2/eq1_mnist_0_audit.parquet,eq1_v2,28,5,3.5,2026-07-18T04:30:15,False,False,False,
eq1_v2/eq1_mnist_1.parquet,eq1_v2,3,10,6.0,2026-07-18T04:30:15,False,False,False,
eq1_v2/eq1_mnist_1_audit.parquet,eq1_v2,28,5,3.5,2026-07-18T04:30:15,False,False,False,
eq1_v2/eq1_mnist_2.parquet,eq1_v2,3,10,6.0,2026-07-18T04:30:15,False,False,False,
eq1_v2/eq1_mnist_2_audit.parquet,eq1_v2,28,5,3.5,2026-07-18T04:30:15,False,False,False,
hkenum/hkenum_slope_12.parquet,hkenum,10,11,7.1,2026-08-02T18:14:37,True,False,False,
hkenum/hkenum_spike_12.parquet,hkenum,10,11,7.1,2026-08-02T18:14:37,True,False,False,
hkenum/hkenum_ushape_12.parquet,hkenum,10,11,7.1,2026-08-02T18:14:37,True,False,False,
l1/l1_baf_logreg_0_attr.parquet,l1,125,10,7.1,2026-07-16T18:58:32,False,False,False,
l1/l1_baf_logreg_0_months.parquet,l1,5,18,10.3,2026-07-16T18:58:32,False,False,False,
l1/l1_baf_logreg_0_seq.parquet,l1,32,12,7.2,2026-07-16T18:58:32,False,False,False,
l1/l1_baf_logreg_1_attr.parquet,l1,125,10,7.1,2026-07-16T18:58:32,False,False,False,
l1/l1_baf_logreg_1_months.parquet,l1,5,18,10.3,2026-07-16T18:58:32,False,False,False,
l1/l1_baf_logreg_1_seq.parquet,l1,32,12,7.2,2026-07-16T18:58:32,False,False,False,
l1/l1_baf_logreg_2_attr.parquet,l1,125,10,7.1,2026-07-16T18:58:32,False,False,False,
l1/l1_baf_logreg_2_months.parquet,l1,5,18,10.3,2026-07-16T18:58:32,False,False,False,
l1/l1_baf_logreg_2_seq.parquet,l1,32,12,7.2,2026-07-16T18:58:32,False,False,False,
l1/l1_baf_logreg_3_attr.parquet,l1,125,10,7.1,2026-07-16T18:58:32,False,False,False,
l1/l1_baf_logreg_3_months.parquet,l1,5,18,10.3,2026-07-16T18:58:32,False,False,False,
l1/l1_baf_logreg_3_seq.parquet,l1,32,12,7.2,2026-07-16T18:58:32,False,False,False,
l1/l1_baf_logreg_4_attr.parquet,l1,125,10,7.1,2026-07-16T18:58:32,False,False,False,
l1/l1_baf_logreg_4_months.parquet,l1,5,18,10.3,2026-07-16T18:58:32,False,False,False,
l1/l1_baf_logreg_4_seq.parquet,l1,32,12,7.2,2026-07-16T18:58:32,False,False,False,
l1/l1_baf_ot_ple_0_attr.parquet,l1,125,10,7.2,2026-07-16T18:58:32,False,False,False,
l1/l1_baf_ot_ple_0_months.parquet,l1,5,18,10.3,2026-07-16T18:58:32,False,False,False,
l1/l1_baf_ot_ple_0_seq.parquet,l1,32,12,7.2,2026-07-16T18:58:32,False,False,False,
l1/l1_baf_ot_ple_1_attr.parquet,l1,125,10,7.2,2026-07-16T18:58:32,False,False,False,
l1/l1_baf_ot_ple_1_months.parquet,l1,5,18,10.3,2026-07-16T18:58:32,False,False,False,
l1/l1_baf_ot_ple_1_seq.parquet,l1,32,12,7.2,2026-07-16T18:58:32,False,False,False,
l1/l1_baf_ot_ple_2_attr.parquet,l1,125,10,7.2,2026-07-16T18:58:32,False,False,False,
l1/l1_baf_ot_ple_2_months.parquet,l1,5,18,10.3,2026-07-16T18:58:32,False,False,False,
l1/l1_baf_ot_ple_2_seq.parquet,l1,32,12,7.2,2026-07-16T18:58:32,False,False,False,
l1/l1_baf_ot_ple_3_attr.parquet,l1,125,10,7.2,2026-07-16T18:58:32,False,False,False,
l1/l1_baf_ot_ple_3_months.parquet,l1,5,18,10.3,2026-07-16T18:58:32,False,False,False,
l1/l1_baf_ot_ple_3_seq.parquet,l1,32,12,7.2,2026-07-16T18:58:32,False,False,False,
l1/l1_baf_ot_ple_4_attr.parquet,l1,125,10,7.2,2026-07-16T18:58:32,False,False,False,
l1/l1_baf_ot_ple_4_months.parquet,l1,5,18,10.3,2026-07-16T18:58:32,False,False,False,
l1/l1_baf_ot_ple_4_seq.parquet,l1,32,12,7.2,2026-07-16T18:58:32,False,False,False,
l1_variants/l1_baf-v1_ot_ple_0_attr.parquet,l1_variants,125,10,7.2,2026-07-17T20:48:05,False,False,False,
l1_variants/l1_baf-v1_ot_ple_0_months.parquet,l1_variants,5,18,10.3,2026-07-17T20:48:05,False,False,False,
l1_variants/l1_baf-v1_ot_ple_0_seq.parquet,l1_variants,32,12,7.2,2026-07-17T20:48:05,False,False,False,
l1_variants/l1_baf-v1_ot_ple_1_attr.parquet,l1_variants,125,10,7.2,2026-07-17T20:48:05,False,False,False,
l1_variants/l1_baf-v1_ot_ple_1_months.parquet,l1_variants,5,18,10.3,2026-07-17T20:48:05,False,False,False,
l1_variants/l1_baf-v1_ot_ple_1_seq.parquet,l1_variants,32,12,7.2,2026-07-17T20:48:05,False,False,False,
l1_variants/l1_baf-v1_ot_ple_2_attr.parquet,l1_variants,125,10,7.2,2026-07-17T20:48:05,False,False,False,
l1_variants/l1_baf-v1_ot_ple_2_months.parquet,l1_variants,5,18,10.3,2026-07-17T20:48:05,False,False,False,
l1_variants/l1_baf-v1_ot_ple_2_seq.parquet,l1_variants,32,12,7.2,2026-07-17T20:48:05,False,False,False,
l1_variants/l1_baf-v1_ot_ple_3_attr.parquet,l1_variants,125,10,7.2,2026-07-17T20:48:05,False,False,False,
l1_variants/l1_baf-v1_ot_ple_3_months.parquet,l1_variants,5,18,10.3,2026-07-17T20:48:05,False,False,False,
l1_variants/l1_baf-v1_ot_ple_3_seq.parquet,l1_variants,32,12,7.2,2026-07-17T20:48:05,False,False,False,
l1_variants/l1_baf-v1_ot_ple_4_attr.parquet,l1_variants,125,10,7.2,2026-07-17T20:48:05,False,False,False,
l1_variants/l1_baf-v1_ot_ple_4_months.parquet,l1_variants,5,18,10.3,2026-07-17T20:48:05,False,False,False,
l1_variants/l1_baf-v1_ot_ple_4_seq.parquet,l1_variants,32,12,7.2,2026-07-17T20:48:05,False,False,False,
l1_variants/l1_baf-v2_ot_ple_0_attr.parquet,l1_variants,125,10,7.2,2026-07-17T20:48:05,False,False,False,
l1_variants/l1_baf-v2_ot_ple_0_months.parquet,l1_variants,5,18,10.3,2026-07-17T20:48:05,False,False,False,
l1_variants/l1_baf-v2_ot_ple_0_seq.parquet,l1_variants,32,12,7.2,2026-07-17T20:48:05,False,False,False,
l1_variants/l1_baf-v2_ot_ple_1_attr.parquet,l1_variants,125,10,7.2,2026-07-17T20:48:05,False,False,False,
l1_variants/l1_baf-v2_ot_ple_1_months.parquet,l1_variants,5,18,10.3,2026-07-17T20:48:05,False,False,False,
l1_variants/l1_baf-v2_ot_ple_1_seq.parquet,l1_variants,32,12,7.2,2026-07-17T20:48:05,False,False,False,
l1_variants/l1_baf-v2_ot_ple_2_attr.parquet,l1_variants,125,10,7.2,2026-07-17T20:48:05,False,False,False,
l1_variants/l1_baf-v2_ot_ple_2_months.parquet,l1_variants,5,18,10.3,2026-07-17T20:48:05,False,False,False,
l1_variants/l1_baf-v2_ot_ple_2_seq.parquet,l1_variants,32,12,7.2,2026-07-17T20:48:05,False,False,False,
l1_variants/l1_baf-v2_ot_ple_3_attr.parquet,l1_variants,125,10,7.2,2026-07-17T20:48:05,False,False,False,
l1_variants/l1_baf-v2_ot_ple_3_months.parquet,l1_variants,5,18,10.3,2026-07-17T20:48:05,False,False,False,
l1_variants/l1_baf-v2_ot_ple_3_seq.parquet,l1_variants,32,12,7.2,2026-07-17T20:48:05,False,False,False,
l1_variants/l1_baf-v2_ot_ple_4_attr.parquet,l1_variants,125,10,7.2,2026-07-17T20:48:05,False,False,False,
l1_variants/l1_baf-v2_ot_ple_4_months.parquet,l1_variants,5,18,10.3,2026-07-17T20:48:05,False,False,False,
l1_variants/l1_baf-v2_ot_ple_4_seq.parquet,l1_variants,32,12,7.2,2026-07-17T20:48:05,False,False,False,
l1_variants/l1_baf-v3_ot_ple_0_attr.parquet,l1_variants,135,10,7.3,2026-07-17T20:48:05,False,False,False,
l1_variants/l1_baf-v3_ot_ple_0_months.parquet,l1_variants,5,18,10.3,2026-07-17T20:48:05,False,False,False,
l1_variants/l1_baf-v3_ot_ple_0_seq.parquet,l1_variants,36,12,7.3,2026-07-17T20:48:05,False,False,False,
l1_variants/l1_baf-v3_ot_ple_1_attr.parquet,l1_variants,135,10,7.3,2026-07-17T20:48:05,False,False,False,
l1_variants/l1_baf-v3_ot_ple_1_months.parquet,l1_variants,5,18,10.3,2026-07-17T20:48:05,False,False,False,
l1_variants/l1_baf-v3_ot_ple_1_seq.parquet,l1_variants,36,12,7.3,2026-07-17T20:48:05,False,False,False,
l1_variants/l1_baf-v3_ot_ple_2_attr.parquet,l1_variants,135,10,7.3,2026-07-17T20:48:05,False,False,False,
l1_variants/l1_baf-v3_ot_ple_2_months.parquet,l1_variants,5,18,10.3,2026-07-17T20:48:05,False,False,False,
l1_variants/l1_baf-v3_ot_ple_2_seq.parquet,l1_variants,36,12,7.3,2026-07-17T20:48:05,False,False,False,
l1_variants/l1_baf-v3_ot_ple_3_attr.parquet,l1_variants,135,10,7.3,2026-07-17T20:48:05,False,False,False,
l1_variants/l1_baf-v3_ot_ple_3_months.parquet,l1_variants,5,18,10.3,2026-07-17T20:48:05,False,False,False,
l1_variants/l1_baf-v3_ot_ple_3_seq.parquet,l1_variants,36,12,7.3,2026-07-17T20:48:05,False,False,False,
l1_variants/l1_baf-v3_ot_ple_4_attr.parquet,l1_variants,135,10,7.3,2026-07-17T20:48:05,False,False,False,
l1_variants/l1_baf-v3_ot_ple_4_months.parquet,l1_variants,5,18,10.3,2026-07-17T20:48:05,False,False,False,
l1_variants/l1_baf-v3_ot_ple_4_seq.parquet,l1_variants,36,12,7.3,2026-07-17T20:48:05,False,False,False,
l1_variants/l1_baf-v4_ot_ple_0_attr.parquet,l1_variants,125,10,7.2,2026-07-17T20:48:05,False,False,False,
l1_variants/l1_baf-v4_ot_ple_0_months.parquet,l1_variants,5,18,10.3,2026-07-17T20:48:05,False,False,False,
l1_variants/l1_baf-v4_ot_ple_0_seq.parquet,l1_variants,36,12,7.2,2026-07-17T20:48:05,False,False,False,
l1_variants/l1_baf-v4_ot_ple_1_attr.parquet,l1_variants,125,10,7.2,2026-07-17T20:48:05,False,False,False,
l1_variants/l1_baf-v4_ot_ple_1_months.parquet,l1_variants,5,18,10.3,2026-07-17T20:48:05,False,False,False,
l1_variants/l1_baf-v4_ot_ple_1_seq.parquet,l1_variants,36,12,7.2,2026-07-17T20:48:05,False,False,False,
l1_variants/l1_baf-v4_ot_ple_2_attr.parquet,l1_variants,125,10,7.2,2026-07-17T20:48:05,False,False,False,
l1_variants/l1_baf-v4_ot_ple_2_months.parquet,l1_variants,5,18,10.3,2026-07-17T20:48:05,False,False,False,
l1_variants/l1_baf-v4_ot_ple_2_seq.parquet,l1_variants,36,12,7.2,2026-07-17T20:48:05,False,False,False,
l1_variants/l1_baf-v4_ot_ple_3_attr.parquet,l1_variants,125,10,7.2,2026-07-17T20:48:05,False,False,False,
l1_variants/l1_baf-v4_ot_ple_3_months.parquet,l1_variants,5,18,10.3,2026-07-17T20:48:05,False,False,False,
l1_variants/l1_baf-v4_ot_ple_3_seq.parquet,l1_variants,36,12,7.2,2026-07-17T20:48:05,False,False,False,
l1_variants/l1_baf-v4_ot_ple_4_attr.parquet,l1_variants,125,10,7.2,2026-07-17T20:48:05,False,False,False,
l1_variants/l1_baf-v4_ot_ple_4_months.parquet,l1_variants,5,18,10.3,2026-07-17T20:48:05,False,False,False,
l1_variants/l1_baf-v4_ot_ple_4_seq.parquet,l1_variants,36,12,7.2,2026-07-17T20:48:05,False,False,False,
l1_variants/l1_baf-v5_ot_ple_0_attr.parquet,l1_variants,135,10,7.3,2026-07-17T20:48:05,False,False,False,
l1_variants/l1_baf-v5_ot_ple_0_months.parquet,l1_variants,5,18,10.3,2026-07-17T20:48:05,False,False,False,
l1_variants/l1_baf-v5_ot_ple_0_seq.parquet,l1_variants,36,12,7.3,2026-07-17T20:48:05,False,False,False,
l1_variants/l1_baf-v5_ot_ple_1_attr.parquet,l1_variants,135,10,7.3,2026-07-17T20:48:05,False,False,False,
l1_variants/l1_baf-v5_ot_ple_1_months.parquet,l1_variants,5,18,10.3,2026-07-17T20:48:05,False,False,False,
l1_variants/l1_baf-v5_ot_ple_1_seq.parquet,l1_variants,36,12,7.3,2026-07-17T20:48:05,False,False,False,
l1_variants/l1_baf-v5_ot_ple_2_attr.parquet,l1_variants,135,10,7.3,2026-07-17T20:48:05,False,False,False,
l1_variants/l1_baf-v5_ot_ple_2_months.parquet,l1_variants,5,18,10.3,2026-07-17T20:48:05,False,False,False,
l1_variants/l1_baf-v5_ot_ple_2_seq.parquet,l1_variants,36,12,7.3,2026-07-17T20:48:05,False,False,False,
l1_variants/l1_baf-v5_ot_ple_3_attr.parquet,l1_variants,135,10,7.3,2026-07-17T20:48:05,False,False,False,
l1_variants/l1_baf-v5_ot_ple_3_months.parquet,l1_variants,5,18,10.3,2026-07-17T20:48:05,False,False,False,
l1_variants/l1_baf-v5_ot_ple_3_seq.parquet,l1_variants,36,12,7.4,2026-07-17T20:48:05,False,False,False,
l1_variants/l1_baf-v5_ot_ple_4_attr.parquet,l1_variants,135,10,7.3,2026-07-17T20:48:05,False,False,False,
l1_variants/l1_baf-v5_ot_ple_4_months.parquet,l1_variants,5,18,10.3,2026-07-17T20:48:05,False,False,False,
l1_variants/l1_baf-v5_ot_ple_4_seq.parquet,l1_variants,36,12,7.3,2026-07-17T20:48:05,False,False,False,
s1/s1_adult_0_cuts.parquet,s1,18,13,8.1,2026-07-16T23:51:28,False,False,False,
s1/s1_adult_0_perf.parquet,s1,60,12,8.8,2026-07-16T23:51:28,False,False,False,
s1/s1_adult_1_cuts.parquet,s1,18,13,8.1,2026-07-16T23:51:28,False,False,False,
s1/s1_adult_1_perf.parquet,s1,60,12,8.8,2026-07-16T23:51:28,False,False,False,
s1/s1_adult_2_cuts.parquet,s1,18,13,8.1,2026-07-16T23:51:28,False,False,False,
s1/s1_adult_2_perf.parquet,s1,60,12,8.8,2026-07-16T23:51:28,False,False,False,
s1/s1_adult_3_cuts.parquet,s1,18,13,8.1,2026-07-16T23:51:28,False,False,False,
s1/s1_adult_3_perf.parquet,s1,60,12,8.8,2026-07-16T23:51:28,False,False,False,
s1/s1_adult_4_cuts.parquet,s1,18,13,8.1,2026-07-16T23:51:28,False,False,False,
s1/s1_adult_4_perf.parquet,s1,60,12,8.8,2026-07-16T23:51:28,False,False,False,
s1/s1_german_0_cuts.parquet,s1,21,13,8.2,2026-07-16T23:51:28,False,False,False,
s1/s1_german_0_perf.parquet,s1,60,12,8.8,2026-07-16T23:51:28,False,False,False,
s1/s1_german_1_cuts.parquet,s1,21,13,8.2,2026-07-16T23:51:28,False,False,False,
s1/s1_german_1_perf.parquet,s1,60,12,8.8,2026-07-16T23:51:28,False,False,False,
s1/s1_german_2_cuts.parquet,s1,21,13,8.2,2026-07-16T23:51:28,False,False,False,
s1/s1_german_2_perf.parquet,s1,60,12,8.8,2026-07-16T23:51:28,False,False,False,
s1/s1_german_3_cuts.parquet,s1,21,13,8.2,2026-07-16T23:51:28,False,False,False,
s1/s1_german_3_perf.parquet,s1,60,12,8.8,2026-07-16T23:51:28,False,False,False,
s1/s1_german_4_cuts.parquet,s1,21,13,8.2,2026-07-16T23:51:28,False,False,False,
s1/s1_german_4_perf.parquet,s1,60,12,8.8,2026-07-16T23:51:28,False,False,False,
s1/s1_gmsc_0_cuts.parquet,s1,30,13,8.2,2026-07-16T23:51:28,False,False,False,
s1/s1_gmsc_0_perf.parquet,s1,60,12,8.8,2026-07-16T23:51:28,False,False,False,
s1/s1_gmsc_1_cuts.parquet,s1,30,13,8.2,2026-07-16T23:51:28,False,False,False,
s1/s1_gmsc_1_perf.parquet,s1,60,12,8.8,2026-07-16T23:51:28,False,False,False,
s1/s1_gmsc_2_cuts.parquet,s1,30,13,8.2,2026-07-16T23:51:28,False,False,False,
s1/s1_gmsc_2_perf.parquet,s1,60,12,8.8,2026-07-16T23:51:28,False,False,False,
s1/s1_gmsc_3_cuts.parquet,s1,30,13,8.2,2026-07-16T23:51:28,False,False,False,
s1/s1_gmsc_3_perf.parquet,s1,60,12,8.8,2026-07-16T23:51:28,False,False,False,
s1/s1_gmsc_4_cuts.parquet,s1,30,13,8.2,2026-07-16T23:51:28,False,False,False,
s1/s1_gmsc_4_perf.parquet,s1,60,12,8.8,2026-07-16T23:51:28,False,False,False,
s1/s1_taiwan_0_cuts.parquet,s1,69,13,9.1,2026-07-16T23:51:28,False,False,False,
s1/s1_taiwan_0_perf.parquet,s1,60,12,8.8,2026-07-16T23:51:28,False,False,False,
s1/s1_taiwan_1_cuts.parquet,s1,69,13,9.1,2026-07-16T23:51:28,False,False,False,
s1/s1_taiwan_1_perf.parquet,s1,60,12,8.9,2026-07-16T23:51:28,False,False,False,
s1/s1_taiwan_2_cuts.parquet,s1,69,13,9.2,2026-07-16T23:51:28,False,False,False,
s1/s1_taiwan_2_perf.parquet,s1,60,12,8.8,2026-07-16T23:51:28,False,False,False,
s1/s1_taiwan_3_cuts.parquet,s1,69,13,9.2,2026-07-16T23:51:28,False,False,False,
s1/s1_taiwan_3_perf.parquet,s1,60,12,8.9,2026-07-16T23:51:28,False,False,False,
s1/s1_taiwan_4_cuts.parquet,s1,69,13,9.2,2026-07-16T23:51:28,False,False,False,
s1/s1_taiwan_4_perf.parquet,s1,60,12,8.8,2026-07-16T23:51:28,False,False,False,
s1_fixcount/s1_adult_0_cuts.parquet,s1_fixcount,6,13,7.8,2026-07-21T21:27:04,False,False,False,
s1_fixcount/s1_adult_0_perf.parquet,s1_fixcount,20,12,7.7,2026-07-21T21:27:04,False,False,False,
s1_fixcount/s1_adult_1_cuts.parquet,s1_fixcount,6,13,7.8,2026-07-21T21:27:04,False,False,False,
s1_fixcount/s1_adult_1_perf.parquet,s1_fixcount,20,12,7.7,2026-07-21T21:27:04,False,False,False,
s1_fixcount/s1_adult_2_cuts.parquet,s1_fixcount,6,13,7.8,2026-07-21T21:27:04,False,False,False,
s1_fixcount/s1_adult_2_perf.parquet,s1_fixcount,20,12,7.7,2026-07-21T21:27:04,False,False,False,
s1_fixcount/s1_adult_3_cuts.parquet,s1_fixcount,6,13,7.8,2026-07-21T21:27:04,False,False,False,
s1_fixcount/s1_adult_3_perf.parquet,s1_fixcount,20,12,7.7,2026-07-21T21:27:04,False,False,False,
s1_fixcount/s1_adult_4_cuts.parquet,s1_fixcount,6,13,7.8,2026-07-21T21:27:04,False,False,False,
s1_fixcount/s1_adult_4_perf.parquet,s1_fixcount,20,12,7.7,2026-07-21T21:27:04,False,False,False,
s1_fixcount/s1_german_0_cuts.parquet,s1_fixcount,7,13,7.9,2026-07-21T21:27:04,False,False,False,
s1_fixcount/s1_german_0_perf.parquet,s1_fixcount,20,12,7.7,2026-07-21T21:27:04,False,False,False,
s1_fixcount/s1_german_1_cuts.parquet,s1_fixcount,7,13,7.8,2026-07-21T21:27:04,False,False,False,
s1_fixcount/s1_german_1_perf.parquet,s1_fixcount,20,12,7.7,2026-07-21T21:27:04,False,False,False,
s1_fixcount/s1_german_2_cuts.parquet,s1_fixcount,7,13,7.8,2026-07-21T21:27:04,False,False,False,
s1_fixcount/s1_german_2_perf.parquet,s1_fixcount,20,12,7.7,2026-07-21T21:27:04,False,False,False,
s1_fixcount/s1_german_3_cuts.parquet,s1_fixcount,7,13,7.8,2026-07-21T21:27:04,False,False,False,
s1_fixcount/s1_german_3_perf.parquet,s1_fixcount,20,12,7.7,2026-07-21T21:27:04,False,False,False,
s1_fixcount/s1_german_4_cuts.parquet,s1_fixcount,7,13,7.8,2026-07-21T21:27:04,False,False,False,
s1_fixcount/s1_german_4_perf.parquet,s1_fixcount,20,12,7.7,2026-07-21T21:27:04,False,False,False,
s1_fixcount/s1_gmsc_0_cuts.parquet,s1_fixcount,10,13,7.9,2026-07-21T21:27:04,False,False,False,
s1_fixcount/s1_gmsc_0_perf.parquet,s1_fixcount,20,12,7.7,2026-07-21T21:27:04,False,False,False,
s1_fixcount/s1_gmsc_1_cuts.parquet,s1_fixcount,10,13,7.9,2026-07-21T21:27:04,False,False,False,
s1_fixcount/s1_gmsc_1_perf.parquet,s1_fixcount,20,12,7.7,2026-07-21T21:27:04,False,False,False,
s1_fixcount/s1_gmsc_2_cuts.parquet,s1_fixcount,10,13,7.9,2026-07-21T21:27:04,False,False,False,
s1_fixcount/s1_gmsc_2_perf.parquet,s1_fixcount,20,12,7.7,2026-07-21T21:27:04,False,False,False,
s1_fixcount/s1_gmsc_3_cuts.parquet,s1_fixcount,10,13,7.9,2026-07-21T21:27:04,False,False,False,
s1_fixcount/s1_gmsc_3_perf.parquet,s1_fixcount,20,12,7.7,2026-07-21T21:27:04,False,False,False,
s1_fixcount/s1_gmsc_4_cuts.parquet,s1_fixcount,10,13,7.9,2026-07-21T21:27:04,False,False,False,
s1_fixcount/s1_gmsc_4_perf.parquet,s1_fixcount,20,12,7.7,2026-07-21T21:27:04,False,False,False,
s1_fixcount/s1_taiwan_0_cuts.parquet,s1_fixcount,23,13,8.2,2026-07-21T21:27:04,False,False,False,
s1_fixcount/s1_taiwan_0_perf.parquet,s1_fixcount,20,12,7.8,2026-07-21T21:27:04,False,False,False,
s1_fixcount/s1_taiwan_1_cuts.parquet,s1_fixcount,23,13,8.1,2026-07-21T21:27:04,False,False,False,
s1_fixcount/s1_taiwan_1_perf.parquet,s1_fixcount,20,12,7.8,2026-07-21T21:27:04,False,False,False,
s1_fixcount/s1_taiwan_2_cuts.parquet,s1_fixcount,23,13,8.1,2026-07-21T21:27:04,False,False,False,
s1_fixcount/s1_taiwan_2_perf.parquet,s1_fixcount,20,12,7.8,2026-07-21T21:27:04,False,False,False,
s1_fixcount/s1_taiwan_3_cuts.parquet,s1_fixcount,23,13,8.1,2026-07-21T21:27:04,False,False,False,
s1_fixcount/s1_taiwan_3_perf.parquet,s1_fixcount,20,12,7.8,2026-07-21T21:27:04,False,False,False,
s1_fixcount/s1_taiwan_4_cuts.parquet,s1_fixcount,23,13,8.2,2026-07-21T21:27:04,False,False,False,
s1_fixcount/s1_taiwan_4_perf.parquet,s1_fixcount,20,12,7.8,2026-07-21T21:27:04,False,False,False,
s1_fixcount2/s1_adult_0_cuts.parquet,s1_fixcount2,6,13,7.9,2026-07-23T20:30:15,False,False,False,
s1_fixcount2/s1_adult_0_perf.parquet,s1_fixcount2,20,12,7.7,2026-07-23T20:30:15,False,False,False,
s1_fixcount2/s1_adult_1_cuts.parquet,s1_fixcount2,6,13,7.9,2026-07-23T20:30:15,False,False,False,
s1_fixcount2/s1_adult_1_perf.parquet,s1_fixcount2,20,12,7.7,2026-07-23T20:30:15,False,False,False,
s1_fixcount2/s1_adult_2_cuts.parquet,s1_fixcount2,6,13,7.9,2026-07-23T20:30:15,False,False,False,
s1_fixcount2/s1_adult_2_perf.parquet,s1_fixcount2,20,12,7.7,2026-07-23T20:30:15,False,False,False,
s1_fixcount2/s1_adult_3_cuts.parquet,s1_fixcount2,6,13,7.9,2026-07-23T20:30:15,False,False,False,
s1_fixcount2/s1_adult_3_perf.parquet,s1_fixcount2,20,12,7.7,2026-07-23T20:30:16,False,False,False,
s1_fixcount2/s1_adult_4_cuts.parquet,s1_fixcount2,6,13,7.9,2026-07-23T20:30:16,False,False,False,
s1_fixcount2/s1_adult_4_perf.parquet,s1_fixcount2,20,12,7.7,2026-07-23T20:30:16,False,False,False,
s1_fixcount2/s1_german_0_cuts.parquet,s1_fixcount2,7,13,7.9,2026-07-23T20:30:16,False,False,False,
s1_fixcount2/s1_german_0_perf.parquet,s1_fixcount2,20,12,7.8,2026-07-23T20:30:16,False,False,False,
s1_fixcount2/s1_german_1_cuts.parquet,s1_fixcount2,7,13,7.9,2026-07-23T20:30:16,False,False,False,
s1_fixcount2/s1_german_1_perf.parquet,s1_fixcount2,20,12,7.8,2026-07-23T20:30:16,False,False,False,
s1_fixcount2/s1_german_2_cuts.parquet,s1_fixcount2,7,13,7.9,2026-07-23T20:30:16,False,False,False,
s1_fixcount2/s1_german_2_perf.parquet,s1_fixcount2,20,12,7.7,2026-07-23T20:30:16,False,False,False,
s1_fixcount2/s1_german_3_cuts.parquet,s1_fixcount2,7,13,7.9,2026-07-23T20:30:16,False,False,False,
s1_fixcount2/s1_german_3_perf.parquet,s1_fixcount2,20,12,7.7,2026-07-23T20:30:16,False,False,False,
s1_fixcount2/s1_german_4_cuts.parquet,s1_fixcount2,7,13,7.9,2026-07-23T20:30:16,False,False,False,
s1_fixcount2/s1_german_4_perf.parquet,s1_fixcount2,20,12,7.7,2026-07-23T20:30:16,False,False,False,
s1_fixcount2/s1_gmsc_0_cuts.parquet,s1_fixcount2,10,13,7.9,2026-07-23T20:30:16,False,False,False,
s1_fixcount2/s1_gmsc_0_perf.parquet,s1_fixcount2,20,12,7.7,2026-07-23T20:30:16,False,False,False,
s1_fixcount2/s1_gmsc_1_cuts.parquet,s1_fixcount2,10,13,8.0,2026-07-23T20:30:16,False,False,False,
s1_fixcount2/s1_gmsc_1_perf.parquet,s1_fixcount2,20,12,7.7,2026-07-23T20:30:16,False,False,False,
s1_fixcount2/s1_gmsc_2_cuts.parquet,s1_fixcount2,10,13,7.9,2026-07-23T20:30:16,False,False,False,
s1_fixcount2/s1_gmsc_2_perf.parquet,s1_fixcount2,20,12,7.7,2026-07-23T20:30:16,False,False,False,
s1_fixcount2/s1_gmsc_3_cuts.parquet,s1_fixcount2,10,13,7.9,2026-07-23T20:30:16,False,False,False,
s1_fixcount2/s1_gmsc_3_perf.parquet,s1_fixcount2,20,12,7.7,2026-07-23T20:30:16,False,False,False,
s1_fixcount2/s1_gmsc_4_cuts.parquet,s1_fixcount2,10,13,7.9,2026-07-23T20:30:16,False,False,False,
s1_fixcount2/s1_gmsc_4_perf.parquet,s1_fixcount2,20,12,7.7,2026-07-23T20:30:16,False,False,False,
s1_fixcount2/s1_taiwan_0_cuts.parquet,s1_fixcount2,23,13,8.3,2026-07-23T20:30:16,False,False,False,
s1_fixcount2/s1_taiwan_0_perf.parquet,s1_fixcount2,20,12,7.8,2026-07-23T20:30:16,False,False,False,
s1_fixcount2/s1_taiwan_1_cuts.parquet,s1_fixcount2,23,13,8.3,2026-07-23T20:30:16,False,False,False,
s1_fixcount2/s1_taiwan_1_perf.parquet,s1_fixcount2,20,12,7.8,2026-07-23T20:30:16,False,False,False,
s1_fixcount2/s1_taiwan_2_cuts.parquet,s1_fixcount2,23,13,8.3,2026-07-23T20:30:16,False,False,False,
s1_fixcount2/s1_taiwan_2_perf.parquet,s1_fixcount2,20,12,7.8,2026-07-23T20:30:16,False,False,False,
s1_fixcount2/s1_taiwan_3_cuts.parquet,s1_fixcount2,23,13,8.4,2026-07-23T20:30:16,False,False,False,
s1_fixcount2/s1_taiwan_3_perf.parquet,s1_fixcount2,20,12,7.8,2026-07-23T20:30:16,False,False,False,
s1_fixcount2/s1_taiwan_4_cuts.parquet,s1_fixcount2,23,13,8.3,2026-07-23T20:30:16,False,False,False,
s1_fixcount2/s1_taiwan_4_perf.parquet,s1_fixcount2,20,12,7.8,2026-07-23T20:30:16,False,False,False,
s1_fixseed/s1_adult_0_cuts.parquet,s1_fixseed,18,13,8.1,2026-07-16T23:51:28,False,False,False,
s1_fixseed/s1_adult_0_perf.parquet,s1_fixseed,60,12,8.8,2026-07-16T23:51:28,False,False,False,
s1_fixseed/s1_adult_1_cuts.parquet,s1_fixseed,18,13,8.1,2026-07-16T23:51:28,False,False,False,
s1_fixseed/s1_adult_1_perf.parquet,s1_fixseed,60,12,8.8,2026-07-16T23:51:28,False,False,False,
s1_fixseed/s1_adult_2_cuts.parquet,s1_fixseed,18,13,8.1,2026-07-16T23:51:28,False,False,False,
s1_fixseed/s1_adult_2_perf.parquet,s1_fixseed,60,12,8.8,2026-07-16T23:51:28,False,False,False,
s1_fixseed/s1_adult_3_cuts.parquet,s1_fixseed,18,13,8.1,2026-07-16T23:51:28,False,False,False,
s1_fixseed/s1_adult_3_perf.parquet,s1_fixseed,60,12,8.8,2026-07-16T23:51:28,False,False,False,
s1_fixseed/s1_adult_4_cuts.parquet,s1_fixseed,18,13,8.1,2026-07-16T23:51:28,False,False,False,
s1_fixseed/s1_adult_4_perf.parquet,s1_fixseed,60,12,8.8,2026-07-16T23:51:28,False,False,False,
s1_fixseed/s1_german_0_cuts.parquet,s1_fixseed,21,13,8.2,2026-07-16T23:51:28,False,False,False,
s1_fixseed/s1_german_0_perf.parquet,s1_fixseed,60,12,8.8,2026-07-16T23:51:28,False,False,False,
s1_fixseed/s1_german_1_cuts.parquet,s1_fixseed,21,13,8.2,2026-07-16T23:51:28,False,False,False,
s1_fixseed/s1_german_1_perf.parquet,s1_fixseed,60,12,8.8,2026-07-16T23:51:28,False,False,False,
s1_fixseed/s1_german_2_cuts.parquet,s1_fixseed,21,13,8.2,2026-07-16T23:51:28,False,False,False,
s1_fixseed/s1_german_2_perf.parquet,s1_fixseed,60,12,8.8,2026-07-16T23:51:28,False,False,False,
s1_fixseed/s1_german_3_cuts.parquet,s1_fixseed,21,13,8.2,2026-07-16T23:51:28,False,False,False,
s1_fixseed/s1_german_3_perf.parquet,s1_fixseed,60,12,8.8,2026-07-16T23:51:28,False,False,False,
s1_fixseed/s1_german_4_cuts.parquet,s1_fixseed,21,13,8.2,2026-07-16T23:51:28,False,False,False,
s1_fixseed/s1_german_4_perf.parquet,s1_fixseed,60,12,8.8,2026-07-16T23:51:28,False,False,False,
s1_fixseed/s1_gmsc_0_cuts.parquet,s1_fixseed,30,13,8.2,2026-07-16T23:51:28,False,False,False,
s1_fixseed/s1_gmsc_0_perf.parquet,s1_fixseed,60,12,8.8,2026-07-16T23:51:28,False,False,False,
s1_fixseed/s1_gmsc_1_cuts.parquet,s1_fixseed,30,13,8.2,2026-07-16T23:51:28,False,False,False,
s1_fixseed/s1_gmsc_1_perf.parquet,s1_fixseed,60,12,8.8,2026-07-16T23:51:28,False,False,False,
s1_fixseed/s1_gmsc_2_cuts.parquet,s1_fixseed,30,13,8.1,2026-07-16T23:51:28,False,False,False,
s1_fixseed/s1_gmsc_2_perf.parquet,s1_fixseed,60,12,8.8,2026-07-16T23:51:28,False,False,False,
s1_fixseed/s1_gmsc_3_cuts.parquet,s1_fixseed,30,13,8.2,2026-07-16T23:51:28,False,False,False,
s1_fixseed/s1_gmsc_3_perf.parquet,s1_fixseed,60,12,8.8,2026-07-16T23:51:28,False,False,False,
s1_fixseed/s1_gmsc_4_cuts.parquet,s1_fixseed,30,13,8.2,2026-07-16T23:51:28,False,False,False,
s1_fixseed/s1_gmsc_4_perf.parquet,s1_fixseed,60,12,8.8,2026-07-16T23:51:28,False,False,False,
s1_fixseed/s1_taiwan_0_cuts.parquet,s1_fixseed,69,13,9.1,2026-07-16T23:51:28,False,False,False,
s1_fixseed/s1_taiwan_0_perf.parquet,s1_fixseed,60,12,8.9,2026-07-16T23:51:28,False,False,False,
s1_fixseed/s1_taiwan_1_cuts.parquet,s1_fixseed,69,13,9.1,2026-07-16T23:51:28,False,False,False,
s1_fixseed/s1_taiwan_1_perf.parquet,s1_fixseed,60,12,8.9,2026-07-16T23:51:28,False,False,False,
s1_fixseed/s1_taiwan_2_cuts.parquet,s1_fixseed,69,13,9.1,2026-07-16T23:51:28,False,False,False,
s1_fixseed/s1_taiwan_2_perf.parquet,s1_fixseed,60,12,8.8,2026-07-16T23:51:28,False,False,False,
s1_fixseed/s1_taiwan_3_cuts.parquet,s1_fixseed,69,13,9.2,2026-07-16T23:51:28,False,False,False,
s1_fixseed/s1_taiwan_3_perf.parquet,s1_fixseed,60,12,8.9,2026-07-16T23:51:28,False,False,False,
s1_fixseed/s1_taiwan_4_cuts.parquet,s1_fixseed,69,13,9.2,2026-07-16T23:51:28,False,False,False,
s1_fixseed/s1_taiwan_4_perf.parquet,s1_fixseed,60,12,8.8,2026-07-16T23:51:28,False,False,False,
s1_noot/s1_adult_0_cuts.parquet,s1_noot,12,13,7.9,2026-07-30T17:03:07,True,False,False,
s1_noot/s1_adult_0_perf.parquet,s1_noot,40,12,8.2,2026-07-30T17:03:07,True,False,False,
s1_noot/s1_adult_1_cuts.parquet,s1_noot,12,13,7.9,2026-07-30T17:03:07,True,False,False,
s1_noot/s1_adult_1_perf.parquet,s1_noot,40,12,8.2,2026-07-30T17:03:07,True,False,False,
s1_noot/s1_adult_2_cuts.parquet,s1_noot,12,13,7.9,2026-07-30T17:03:07,True,False,False,
s1_noot/s1_adult_2_perf.parquet,s1_noot,40,12,8.2,2026-07-30T17:03:07,True,False,False,
s1_noot/s1_adult_3_cuts.parquet,s1_noot,12,13,7.9,2026-07-30T17:03:07,True,False,False,
s1_noot/s1_adult_3_perf.parquet,s1_noot,40,12,8.2,2026-07-30T17:03:07,True,False,False,
s1_noot/s1_adult_4_cuts.parquet,s1_noot,12,13,7.9,2026-07-30T17:03:07,True,False,False,
s1_noot/s1_adult_4_perf.parquet,s1_noot,40,12,8.2,2026-07-30T17:03:07,True,False,False,
s1_noot/s1_german_0_cuts.parquet,s1_noot,14,13,7.9,2026-07-30T17:03:07,True,False,False,
s1_noot/s1_german_0_perf.parquet,s1_noot,40,12,8.2,2026-07-30T17:03:07,True,False,False,
s1_noot/s1_german_1_cuts.parquet,s1_noot,14,13,7.9,2026-07-30T17:03:07,True,False,False,
s1_noot/s1_german_1_perf.parquet,s1_noot,40,12,8.2,2026-07-30T17:03:07,True,False,False,
s1_noot/s1_german_2_cuts.parquet,s1_noot,14,13,7.9,2026-07-30T17:03:07,True,False,False,
s1_noot/s1_german_2_perf.parquet,s1_noot,40,12,8.2,2026-07-30T17:03:07,True,False,False,
s1_noot/s1_german_3_cuts.parquet,s1_noot,14,13,7.9,2026-07-30T17:03:07,True,False,False,
s1_noot/s1_german_3_perf.parquet,s1_noot,40,12,8.2,2026-07-30T17:03:07,True,False,False,
s1_noot/s1_german_4_cuts.parquet,s1_noot,14,13,7.9,2026-07-30T17:03:07,True,False,False,
s1_noot/s1_german_4_perf.parquet,s1_noot,40,12,8.2,2026-07-30T17:03:07,True,False,False,
s1_noot/s1_gmsc_0_cuts.parquet,s1_noot,20,13,8.0,2026-07-30T17:03:07,True,False,False,
s1_noot/s1_gmsc_0_perf.parquet,s1_noot,40,12,8.2,2026-07-30T17:03:07,True,False,False,
s1_noot/s1_gmsc_1_cuts.parquet,s1_noot,20,13,8.0,2026-07-30T17:03:07,True,False,False,
s1_noot/s1_gmsc_1_perf.parquet,s1_noot,40,12,8.2,2026-07-30T17:03:07,True,False,False,
s1_noot/s1_gmsc_2_cuts.parquet,s1_noot,20,13,8.0,2026-07-30T17:03:07,True,False,False,
s1_noot/s1_gmsc_2_perf.parquet,s1_noot,40,12,8.2,2026-07-30T17:03:07,True,False,False,
s1_noot/s1_gmsc_3_cuts.parquet,s1_noot,20,13,8.0,2026-07-30T17:03:07,True,False,False,
s1_noot/s1_gmsc_3_perf.parquet,s1_noot,40,12,8.2,2026-07-30T17:03:07,True,False,False,
s1_noot/s1_gmsc_4_cuts.parquet,s1_noot,20,13,8.0,2026-07-30T17:03:07,True,False,False,
s1_noot/s1_gmsc_4_perf.parquet,s1_noot,40,12,8.2,2026-07-30T17:03:07,True,False,False,
s1_noot/s1_taiwan_0_cuts.parquet,s1_noot,46,13,8.4,2026-07-30T17:03:07,True,False,False,
s1_noot/s1_taiwan_0_perf.parquet,s1_noot,40,12,8.2,2026-07-30T17:03:07,True,False,False,
s1_noot/s1_taiwan_1_cuts.parquet,s1_noot,46,13,8.4,2026-07-30T17:03:07,True,False,False,
s1_noot/s1_taiwan_1_perf.parquet,s1_noot,40,12,8.2,2026-07-30T17:03:07,True,False,False,
s1_noot/s1_taiwan_2_cuts.parquet,s1_noot,46,13,8.4,2026-07-30T17:03:07,True,False,False,
s1_noot/s1_taiwan_2_perf.parquet,s1_noot,40,12,8.2,2026-07-30T17:03:07,True,False,False,
s1_noot/s1_taiwan_3_cuts.parquet,s1_noot,46,13,8.4,2026-07-30T17:03:07,True,False,False,
s1_noot/s1_taiwan_3_perf.parquet,s1_noot,40,12,8.2,2026-07-30T17:03:07,True,False,False,
s1_noot/s1_taiwan_4_cuts.parquet,s1_noot,46,13,8.4,2026-07-30T17:03:07,True,False,False,
s1_noot/s1_taiwan_4_perf.parquet,s1_noot,40,12,8.2,2026-07-30T17:03:07,True,False,False,
spikesel_v2/spikesel_synthetic-spike3_0.parquet,spikesel_v2,90,11,7.8,2026-08-02T18:14:37,True,False,False,
surv/surv_0_perf.parquet,surv,9,10,6.2,2026-07-17T16:05:16,False,False,False,
surv/surv_0_stab.parquet,surv,3,5,3.3,2026-07-17T16:05:16,False,False,False,
surv/surv_1_perf.parquet,surv,9,10,6.2,2026-07-17T16:05:16,False,False,False,
surv/surv_1_stab.parquet,surv,3,5,3.3,2026-07-17T16:05:16,False,False,False,
surv/surv_2_perf.parquet,surv,9,10,6.2,2026-07-17T16:05:16,False,False,False,
surv/surv_2_stab.parquet,surv,3,5,3.3,2026-07-17T16:05:16,False,False,False,
surv/surv_3_perf.parquet,surv,9,10,6.2,2026-07-17T16:05:16,False,False,False,
surv/surv_3_stab.parquet,surv,3,5,3.3,2026-07-17T16:05:16,False,False,False,
surv/surv_4_perf.parquet,surv,9,10,6.2,2026-07-17T16:05:16,False,False,False,
surv/surv_4_stab.parquet,surv,3,5,3.3,2026-07-17T16:05:16,False,False,False,
surv2/surv_0_perf.parquet,surv2,9,10,6.2,2026-07-17T16:13:59,False,False,False,
surv2/surv_0_stab.parquet,surv2,3,5,3.3,2026-07-17T16:13:59,False,False,False,
surv2/surv_1_perf.parquet,surv2,9,10,6.2,2026-07-17T16:13:59,False,False,False,
surv2/surv_1_stab.parquet,surv2,3,5,3.3,2026-07-17T16:13:59,False,False,False,
surv2/surv_2_perf.parquet,surv2,9,10,6.2,2026-07-17T16:13:59,False,False,False,
surv2/surv_2_stab.parquet,surv2,3,5,3.3,2026-07-17T16:13:59,False,False,False,
surv2/surv_3_perf.parquet,surv2,9,10,6.2,2026-07-17T16:13:59,False,False,False,
surv2/surv_3_stab.parquet,surv2,3,5,3.3,2026-07-17T16:13:59,False,False,False,
surv2/surv_4_perf.parquet,surv2,9,10,6.2,2026-07-17T16:13:59,False,False,False,
surv2/surv_4_stab.parquet,surv2,3,5,3.3,2026-07-17T16:13:59,False,False,False,
tok/tok_adult_0.parquet,tok,12,9,5.7,2026-07-17T02:21:23,False,False,False,
tok/tok_adult_1.parquet,tok,12,9,5.7,2026-07-17T02:21:23,False,False,False,
tok/tok_adult_2.parquet,tok,12,9,5.7,2026-07-17T02:21:23,False,False,False,
tok/tok_adult_3.parquet,tok,12,9,5.7,2026-07-17T02:21:23,False,False,False,
tok/tok_adult_4.parquet,tok,12,9,5.7,2026-07-17T02:21:23,False,False,False,
tok/tok_gmsc_0.parquet,tok,12,9,5.7,2026-07-17T02:21:23,False,False,False,
tok/tok_gmsc_1.parquet,tok,12,9,5.7,2026-07-17T02:21:23,False,False,False,
tok/tok_gmsc_2.parquet,tok,12,9,5.7,2026-07-17T02:21:23,False,False,False,
tok/tok_gmsc_3.parquet,tok,12,9,5.7,2026-07-17T02:21:23,False,False,False,
tok/tok_gmsc_4.parquet,tok,12,9,5.7,2026-07-17T02:21:23,False,False,False,
tok/tok_higgs-small_0.parquet,tok,12,9,5.7,2026-07-17T02:21:23,False,False,False,
tok/tok_higgs-small_1.parquet,tok,12,9,5.7,2026-07-17T02:21:23,False,False,False,
tok/tok_higgs-small_2.parquet,tok,12,9,5.7,2026-07-17T02:21:23,False,False,False,
tok/tok_higgs-small_3.parquet,tok,12,9,5.7,2026-07-17T02:21:23,False,False,False,
tok/tok_higgs-small_4.parquet,tok,12,9,5.7,2026-07-17T02:21:23,False,False,False,
tok2/tok_adult_0.parquet,tok2,12,9,5.7,2026-07-17T04:16:27,False,False,False,
tok2/tok_adult_1.parquet,tok2,12,9,5.7,2026-07-17T04:16:27,False,False,False,
tok2/tok_adult_2.parquet,tok2,12,9,5.7,2026-07-17T04:16:27,False,False,False,
tok2/tok_adult_3.parquet,tok2,12,9,5.7,2026-07-17T04:16:27,False,False,False,
tok2/tok_adult_4.parquet,tok2,12,9,5.7,2026-07-17T04:16:27,False,False,False,
tok2/tok_gmsc_0.parquet,tok2,12,9,5.7,2026-07-17T04:16:27,False,False,False,
tok2/tok_gmsc_1.parquet,tok2,12,9,5.7,2026-07-17T04:16:27,False,False,False,
tok2/tok_gmsc_2.parquet,tok2,12,9,5.7,2026-07-17T04:16:27,False,False,False,
tok2/tok_gmsc_3.parquet,tok2,12,9,5.7,2026-07-17T04:16:27,False,False,False,
tok2/tok_gmsc_4.parquet,tok2,12,9,5.7,2026-07-17T04:16:27,False,False,False,
tok2/tok_higgs-small_0.parquet,tok2,12,9,5.7,2026-07-17T04:16:27,False,False,False,
tok2/tok_higgs-small_1.parquet,tok2,12,9,5.7,2026-07-17T04:16:27,False,False,False,
tok2/tok_higgs-small_2.parquet,tok2,12,9,5.7,2026-07-17T04:16:27,False,False,False,
tok2/tok_higgs-small_3.parquet,tok2,12,9,5.7,2026-07-17T04:16:27,False,False,False,
tok2/tok_higgs-small_4.parquet,tok2,12,9,5.7,2026-07-17T04:16:27,False,False,False,
tune/tune_california_0.parquet,tune,40,12,9.5,2026-07-29T15:51:12,False,False,False,
tune/tune_california_0_trials.parquet,tune,400,7,8.1,2026-07-29T15:51:12,False,False,False,
tune/tune_gesture_0.parquet,tune,40,12,9.2,2026-07-29T15:51:12,False,False,False,
tune/tune_gesture_0_trials.parquet,tune,400,7,6.4,2026-07-29T15:51:12,False,False,False,
tune_ca_fix/tune_california_0.parquet,tune_ca_fix,10,12,8.4,2026-07-29T16:28:28,False,False,False,
tune_ca_fix/tune_california_0_trials.parquet,tune_ca_fix,100,7,5.4,2026-07-29T16:28:28,False,False,False,
tune_lgbm/tune_california_0.parquet,tune_lgbm,5,12,8.1,2026-07-29T16:48:02,False,False,False,
tune_lgbm/tune_california_0_trials.parquet,tune_lgbm,50,7,4.9,2026-07-29T16:48:02,False,False,False,
tune_lgbm/tune_gesture_0.parquet,tune_lgbm,5,12,8.1,2026-07-29T16:48:02,False,False,False,
tune_lgbm/tune_gesture_0_trials.parquet,tune_lgbm,50,7,4.7,2026-07-29T16:48:02,False,False,False,
tune_suite/tune_churn_0.parquet,tune_suite,45,12,10.0,2026-07-29T19:29:39,False,False,False,
tune_suite/tune_churn_0_trials.parquet,tune_suite,450,7,8.5,2026-07-29T19:29:39,False,False,False,
tune_suite/tune_house16h_0.parquet,tune_suite,45,12,10.1,2026-07-29T19:29:39,False,False,False,
tune_suite/tune_house16h_0_trials.parquet,tune_suite,450,7,8.6,2026-07-29T19:29:39,False,False,False,
w1tau/w1tau_german_rank_0.parquet,w1tau,1120,19,27.5,2026-08-02T18:14:37,True,True,True,"{""INFEASIBLE"": 60, ""OPTIMAL"": 1060}"
w1tau/w1tau_gmsc_rank_0.parquet,w1tau,1600,19,33.4,2026-08-02T18:14:37,True,True,True,"{""INFEASIBLE"": 76, ""OPTIMAL"": 1524}"
w1tau/w1tau_hmeq_rank_0.parquet,w1tau,1600,19,33.2,2026-08-02T18:14:37,True,True,True,"{""INFEASIBLE"": 80, ""OPTIMAL"": 1520}"
w1tau/w1tau_taiwan_rank_0.parquet,w1tau,3680,19,70.5,2026-08-02T18:14:37,True,True,True,"{""INFEASIBLE"": 266, ""OPTIMAL"": 3414}"
